expirationDate,Strike,CallsOI,CallsVolume,CallLastPrice,CallIV,CallInMoney,Calls_dollarsFromStrike,Calls_dollarsFromStrikeXoi,CallLastPrice,Calls_lastPriceXoi,PutsOI,PutsVolume,PutLastPrice,Puts_lastPriceXoi,PutIV,PutInMoney,Puts_dollarsFromStrike,Puts_dollarsFromStrikeXoi,PutLastPrice,TotalOI
2023-03-03,25.0,0.0,,49.06,1.0000000000000003e-05,True,37.650001525878906,0.0,49.06,0.0,746.0,3.0,0.02,14.92,0.500005,False,37.650001525878906,28086.901138305664,0.02,746.0
2023-03-03,38.0,1.0,1.0,24.47,1.0000000000000003e-05,True,24.650001525878906,24.650001525878906,24.47,24.47,229.0,9.0,0.01,2.29,0.500005,False,24.650001525878906,5644.8503494262695,0.01,230.0
2023-03-03,40.0,3.0,1.0,28.3,1.0000000000000003e-05,True,22.650001525878906,67.95000457763672,28.3,84.9,968.0,19.0,0.02,19.36,0.500005,False,22.650001525878906,21925.20147705078,0.02,971.0
2023-03-03,42.0,9.0,,29.4,1.0000000000000003e-05,True,20.650001525878906,185.85001373291016,29.4,264.59999999999997,220.0,4.0,0.03,6.6,0.500005,False,20.650001525878906,4543.000335693359,0.03,229.0
2023-03-03,43.0,2.0,2.0,22.7,1.0000000000000003e-05,True,19.650001525878906,39.30000305175781,22.7,45.4,195.0,40.0,0.01,1.95,0.500005,False,19.650001525878906,3831.7502975463867,0.01,197.0
2023-03-03,44.0,3.0,1.0,18.86,1.0000000000000003e-05,True,18.650001525878906,55.95000457763672,18.86,56.58,816.0,19.0,0.02,16.32,0.500005,False,18.650001525878906,15218.401245117188,0.02,819.0
2023-03-03,45.0,19.0,9.0,17.74,1.0000000000000003e-05,True,17.650001525878906,335.3500289916992,17.74,337.05999999999995,385.0,1.0,0.01,3.85,0.500005,False,17.650001525878906,6795.250587463379,0.01,404.0
2023-03-03,46.0,15.0,9.0,16.51,1.0000000000000003e-05,True,16.650001525878906,249.7500228881836,16.51,247.65000000000003,117.0,1.0,0.03,3.51,0.500005,False,16.650001525878906,1948.050178527832,0.03,132.0
2023-03-03,47.0,58.0,1.0,18.67,1.0000000000000003e-05,True,15.650001525878906,907.7000885009766,18.67,1082.8600000000001,480.0,266.0,0.02,9.6,0.500005,False,15.650001525878906,7512.000732421875,0.02,538.0
2023-03-03,48.0,41.0,4.0,14.88,1.0000000000000003e-05,True,14.650001525878906,600.6500625610352,14.88,610.08,150.0,29.0,0.04,6.0,0.500005,False,14.650001525878906,2197.500228881836,0.04,191.0
2023-03-03,48.5,1.0,1.0,14.05,1.0000000000000003e-05,True,14.150001525878906,14.150001525878906,14.05,14.05,42.0,35.0,0.02,0.84,0.500005,False,14.150001525878906,594.3000640869141,0.02,43.0
2023-03-03,49.0,49.0,13.0,13.43,1.0000000000000003e-05,True,13.650001525878906,668.8500747680664,13.43,658.0699999999999,84.0,4.0,0.04,3.36,0.500005,False,13.650001525878906,1146.6001281738281,0.04,133.0
2023-03-03,49.5,4.0,1.0,13.45,1.0000000000000003e-05,True,13.150001525878906,52.600006103515625,13.45,53.8,1004.0,7.0,0.03,30.119999999999997,0.500005,False,13.150001525878906,13202.601531982422,0.03,1008.0
2023-03-03,50.0,38.0,9.0,12.39,1.0000000000000003e-05,True,12.650001525878906,480.70005798339844,12.39,470.82000000000005,633.0,181.0,0.05,31.650000000000002,0.500005,False,12.650001525878906,8007.450965881348,0.05,671.0
2023-03-03,51.0,32.0,5.0,11.48,1.0000000000000003e-05,True,11.650001525878906,372.800048828125,11.48,367.36,437.0,20.0,0.06,26.22,0.500005,False,11.650001525878906,5091.050666809082,0.06,469.0
2023-03-03,52.0,49.0,6.0,10.47,1.0000000000000003e-05,True,10.650001525878906,521.8500747680664,10.47,513.0300000000001,179.0,138.0,0.08,14.32,0.500005,False,10.650001525878906,1906.3502731323242,0.08,228.0
2023-03-03,53.0,34.0,3.0,9.83,1.0000000000000003e-05,True,9.650001525878906,328.1000518798828,9.83,334.22,449.0,205.0,0.11,49.39,0.2500075,False,9.650001525878906,4332.850685119629,0.11,483.0
2023-03-03,54.0,69.0,19.0,8.63,1.0000000000000003e-05,True,8.650001525878906,596.8501052856445,8.63,595.47,800.0,84.0,0.15,120.0,0.2500075,False,8.650001525878906,6920.001220703125,0.15,869.0
2023-03-03,55.0,424.0,366.0,7.65,1.0000000000000003e-05,True,7.650001525878906,3243.6006469726562,7.65,3243.6000000000004,972.0,654.0,0.23,223.56,0.2500075,False,7.650001525878906,7435.801483154297,0.23,1396.0
2023-03-03,56.0,115.0,21.0,7.2,1.0000000000000003e-05,True,6.650001525878906,764.7501754760742,7.2,828.0,328.0,186.0,0.35,114.8,0.2500075,False,6.650001525878906,2181.2005004882812,0.35,443.0
2023-03-03,57.0,69.0,5.0,6.0,1.0000000000000003e-05,True,5.650001525878906,389.85010528564453,6.0,414.0,217.0,79.0,0.46,99.82000000000001,0.2500075,False,5.650001525878906,1226.0503311157227,0.46,286.0
2023-03-03,58.0,97.0,28.0,5.15,1.0000000000000003e-05,True,4.650001525878906,451.0501480102539,5.15,499.55,257.0,329.0,0.62,159.34,0.12500875,False,4.650001525878906,1195.050392150879,0.62,354.0
2023-03-03,59.0,74.0,80.0,4.75,1.0000000000000003e-05,True,3.6500015258789062,270.10011291503906,4.75,351.5,279.0,197.0,0.85,237.15,0.12500875,False,3.6500015258789062,1018.3504257202148,0.85,353.0
2023-03-03,60.0,244.0,236.0,3.8,1.0000000000000003e-05,True,2.6500015258789062,646.6003723144531,3.8,927.1999999999999,1839.0,2597.0,1.13,2078.0699999999997,0.12500875,False,2.6500015258789062,4873.352806091309,1.13,2083.0
2023-03-03,61.0,330.0,327.0,3.15,1.0000000000000003e-05,True,1.6500015258789062,544.5005035400391,3.15,1039.5,483.0,1081.0,1.5,724.5,0.062509375,False,1.6500015258789062,796.9507369995117,1.5,813.0
2023-03-03,62.0,362.0,586.0,2.6,1.0000000000000003e-05,True,0.6500015258789062,235.30055236816406,2.6,941.2,640.0,990.0,1.92,1228.8,0.0312596875,False,0.6500015258789062,416.0009765625,1.92,1002.0
2023-03-03,63.0,489.0,1014.0,2.13,0.015634843750000002,False,0.34999847412109375,171.14925384521484,2.13,1041.57,478.0,1147.0,2.38,1137.6399999999999,1.0000000000000003e-05,True,0.34999847412109375,167.2992706298828,2.38,967.0
2023-03-03,64.0,552.0,631.0,1.69,0.062509375,False,1.3499984741210938,745.1991577148438,1.69,932.88,380.0,681.0,3.01,1143.8,1.0000000000000003e-05,True,1.3499984741210938,512.9994201660156,3.01,932.0
2023-03-03,65.0,926.0,794.0,1.35,0.062509375,False,2.3499984741210938,2176.098587036133,1.35,1250.1000000000001,728.0,1076.0,3.6,2620.8,1.0000000000000003e-05,True,2.3499984741210938,1710.7988891601562,3.6,1654.0
2023-03-03,66.0,485.0,624.0,1.0,0.12500875,False,3.3499984741210938,1624.7492599487305,1.0,485.0,309.0,287.0,4.31,1331.79,1.0000000000000003e-05,True,3.3499984741210938,1035.149528503418,4.31,794.0
2023-03-03,67.0,872.0,650.0,0.73,0.12500875,False,4.349998474121094,3793.1986694335938,0.73,636.56,391.0,213.0,5.05,1974.55,1.0000000000000003e-05,True,4.349998474121094,1700.8494033813477,5.05,1263.0
2023-03-03,68.0,467.0,261.0,0.59,0.12500875,False,5.349998474121094,2498.449287414551,0.59,275.53,427.0,235.0,6.0,2562.0,1.0000000000000003e-05,True,5.349998474121094,2284.449348449707,6.0,894.0
2023-03-03,69.0,380.0,136.0,0.45,0.2500075,False,6.349998474121094,2412.9994201660156,0.45,171.0,225.0,159.0,6.8,1530.0,1.0000000000000003e-05,True,6.349998474121094,1428.749656677246,6.8,605.0
2023-03-03,70.0,1359.0,823.0,0.29,0.2500075,False,7.349998474121094,9988.647926330566,0.29,394.10999999999996,1471.0,136.0,7.63,11223.73,1.0000000000000003e-05,True,7.349998474121094,10811.847755432129,7.63,2830.0
2023-03-03,71.0,704.0,170.0,0.24,0.2500075,False,8.349998474121094,5878.39892578125,0.24,168.95999999999998,278.0,35.0,8.2,2279.6,1.0000000000000003e-05,True,8.349998474121094,2321.299575805664,8.2,982.0
2023-03-03,72.0,400.0,159.0,0.19,0.2500075,False,9.349998474121094,3739.9993896484375,0.19,76.0,327.0,36.0,9.32,3047.64,1.0000000000000003e-05,True,9.349998474121094,3057.4495010375977,9.32,727.0
2023-03-03,73.0,555.0,358.0,0.13,0.2500075,False,10.349998474121094,5744.249153137207,0.13,72.15,160.0,7.0,10.7,1712.0,1.0000000000000003e-05,True,10.349998474121094,1655.999755859375,10.7,715.0
2023-03-03,74.0,290.0,50.0,0.11,0.2500075,False,11.349998474121094,3291.499557495117,0.11,31.9,137.0,4.0,11.48,1572.76,1.0000000000000003e-05,True,11.349998474121094,1554.9497909545898,11.48,427.0
2023-03-03,75.0,662.0,321.0,0.07,0.2500075,False,12.349998474121094,8175.698989868164,0.07,46.34,529.0,30.0,12.4,6559.6,1.0000000000000003e-05,True,12.349998474121094,6533.149192810059,12.4,1191.0
2023-03-03,76.0,249.0,159.0,0.07,0.500005,False,13.349998474121094,3324.1496200561523,0.07,17.430000000000003,65.0,2.0,13.3,864.5,1.0000000000000003e-05,True,13.349998474121094,867.7499008178711,13.3,314.0
2023-03-03,77.0,236.0,72.0,0.06,0.500005,False,14.349998474121094,3386.599639892578,0.06,14.16,142.0,4.0,14.6,2073.2,1.0000000000000003e-05,True,14.349998474121094,2037.6997833251953,14.6,378.0
2023-03-03,78.0,280.0,9.0,0.04,0.500005,False,15.349998474121094,4297.999572753906,0.04,11.200000000000001,183.0,3.0,15.6,2854.7999999999997,1.0000000000000003e-05,True,15.349998474121094,2809.04972076416,15.6,463.0
2023-03-03,79.0,51.0,20.0,0.02,0.500005,False,16.349998474121094,833.8499221801758,0.02,1.02,4.0,4.0,16.5,66.0,1.0000000000000003e-05,True,16.349998474121094,65.39999389648438,16.5,55.0
2023-03-03,80.0,532.0,229.0,0.02,0.500005,False,17.349998474121094,9230.199188232422,0.02,10.64,26.0,1.0,17.15,445.9,1.0000000000000003e-05,True,17.349998474121094,451.09996032714844,17.15,558.0
2023-03-03,81.0,58.0,21.0,0.02,0.500005,False,18.349998474121094,1064.2999114990234,0.02,1.16,19.0,,12.7,241.29999999999998,1.0000000000000003e-05,True,18.349998474121094,348.6499710083008,12.7,77.0
2023-03-03,82.0,41.0,31.0,0.02,0.500005,False,19.349998474121094,793.3499374389648,0.02,0.8200000000000001,15.0,1.0,19.5,292.5,1.0000000000000003e-05,True,19.349998474121094,290.2499771118164,19.5,56.0
2023-03-03,83.0,131.0,117.0,0.02,0.500005,False,20.349998474121094,2665.8498001098633,0.02,2.62,1.0,,15.0,15.0,1.0000000000000003e-05,True,20.349998474121094,20.349998474121094,15.0,132.0
2023-03-03,84.0,133.0,110.0,0.02,0.500005,False,21.349998474121094,2839.5497970581055,0.02,2.66,0.0,,18.3,0.0,1.0000000000000003e-05,True,21.349998474121094,0.0,18.3,133.0
2023-03-03,85.0,993.0,61.0,0.01,0.500005,False,22.349998474121094,22193.548484802246,0.01,9.93,2.0,10.0,18.0,36.0,1.0000000000000003e-05,True,22.349998474121094,44.69999694824219,18.0,995.0
2023-03-03,86.0,34.0,,0.03,0.500005,False,23.349998474121094,793.8999481201172,0.03,1.02,,,,,,,,,,
2023-03-03,87.0,24.0,,0.02,0.500005,False,24.349998474121094,584.3999633789062,0.02,0.48,,,,,,,,,,
2023-03-03,90.0,1034.0,2.0,0.02,0.500005,False,27.349998474121094,28279.89842224121,0.02,20.68,0.0,,24.1,0.0,1.0000000000000003e-05,True,27.349998474121094,0.0,24.1,1034.0
2023-03-03,95.0,278.0,37.0,0.01,0.500005,False,32.349998474121094,8993.299575805664,0.01,2.7800000000000002,1.0,,24.55,24.55,1.0000000000000003e-05,True,32.349998474121094,32.349998474121094,24.55,279.0
2023-03-03,100.0,1032.0,72.0,0.01,0.500005,False,37.349998474121094,38545.19842529297,0.01,10.32,0.0,47.0,33.37,0.0,1.0000000000000003e-05,True,37.349998474121094,0.0,33.37,1032.0
2023-03-10,30.0,1.0,1.0,40.22,1.0000000000000003e-05,True,32.650001525878906,32.650001525878906,40.22,40.22,2551.0,2.0,0.01,25.51,0.500005,False,32.650001525878906,83290.15389251709,0.01,2552.0
2023-03-10,40.0,2.0,2.0,22.95,1.0000000000000003e-05,True,22.650001525878906,45.30000305175781,22.95,45.9,496.0,480.0,0.01,4.96,0.500005,False,22.650001525878906,11234.400756835938,0.01,498.0
2023-03-10,42.0,2.0,1.0,13.9,1.0000000000000003e-05,True,20.650001525878906,41.30000305175781,13.9,27.8,47.0,15.0,0.02,0.9400000000000001,0.500005,False,20.650001525878906,970.5500717163086,0.02,49.0
2023-03-10,43.0,2.0,1.0,20.81,1.0000000000000003e-05,True,19.650001525878906,39.30000305175781,20.81,41.62,40.0,6.0,0.03,1.2,0.500005,False,19.650001525878906,786.0000610351562,0.03,42.0
2023-03-10,45.0,7.0,5.0,18.02,1.0000000000000003e-05,True,17.650001525878906,123.55001068115234,18.02,126.14,164.0,2.0,0.04,6.5600000000000005,0.500005,False,17.650001525878906,2894.6002502441406,0.04,171.0
2023-03-10,46.0,29.0,11.0,16.57,1.0000000000000003e-05,True,16.650001525878906,482.8500442504883,16.57,480.53000000000003,293.0,9.0,0.08,23.44,0.500005,False,16.650001525878906,4878.4504470825195,0.08,322.0
2023-03-10,47.0,2.0,1.0,16.1,1.0000000000000003e-05,True,15.650001525878906,31.300003051757812,16.1,32.2,77.0,9.0,0.09,6.93,0.2500075,False,15.650001525878906,1205.0501174926758,0.09,79.0
2023-03-10,48.0,36.0,1.0,20.55,1.0000000000000003e-05,True,14.650001525878906,527.4000549316406,20.55,739.8000000000001,42.0,5.0,0.11,4.62,0.2500075,False,14.650001525878906,615.3000640869141,0.11,78.0
2023-03-10,49.0,8.0,2.0,15.2,1.0000000000000003e-05,True,13.650001525878906,109.20001220703125,15.2,121.6,67.0,32.0,0.14,9.38,0.2500075,False,13.650001525878906,914.5501022338867,0.14,75.0
2023-03-10,50.0,44.0,7.0,13.3,1.0000000000000003e-05,True,12.650001525878906,556.6000671386719,13.3,585.2,150.0,17.0,0.22,33.0,0.2500075,False,12.650001525878906,1897.500228881836,0.22,194.0
2023-03-10,51.0,13.0,1.0,14.45,1.0000000000000003e-05,True,11.650001525878906,151.45001983642578,14.45,187.85,33.0,9.0,0.26,8.58,0.2500075,False,11.650001525878906,384.4500503540039,0.26,46.0
2023-03-10,52.0,27.0,2.0,13.8,1.0000000000000003e-05,True,10.650001525878906,287.55004119873047,13.8,372.6,116.0,16.0,0.35,40.599999999999994,0.2500075,False,10.650001525878906,1235.4001770019531,0.35,143.0
2023-03-10,53.0,22.0,1.0,9.95,1.0000000000000003e-05,True,9.650001525878906,212.30003356933594,9.95,218.89999999999998,59.0,3.0,0.48,28.32,0.2500075,False,9.650001525878906,569.3500900268555,0.48,81.0
2023-03-10,54.0,90.0,2.0,10.5,1.0000000000000003e-05,True,8.650001525878906,778.5001373291016,10.5,945.0,67.0,16.0,0.54,36.18,0.2500075,False,8.650001525878906,579.5501022338867,0.54,157.0
2023-03-10,55.0,48.0,4.0,8.57,1.0000000000000003e-05,True,7.650001525878906,367.2000732421875,8.57,411.36,182.0,29.0,0.75,136.5,0.12500875,False,7.650001525878906,1392.300277709961,0.75,230.0
2023-03-10,56.0,49.0,3.0,7.96,1.0000000000000003e-05,True,6.650001525878906,325.8500747680664,7.96,390.04,72.0,52.0,0.92,66.24000000000001,0.12500875,False,6.650001525878906,478.80010986328125,0.92,121.0
2023-03-10,57.0,24.0,3.0,6.7,1.0000000000000003e-05,True,5.650001525878906,135.60003662109375,6.7,160.8,214.0,225.0,1.12,239.68000000000004,0.12500875,False,5.650001525878906,1209.100326538086,1.12,238.0
2023-03-10,58.0,63.0,26.0,6.02,1.0000000000000003e-05,True,4.650001525878906,292.9500961303711,6.02,379.26,80.0,10.0,1.44,115.19999999999999,0.12500875,False,4.650001525878906,372.0001220703125,1.44,143.0
2023-03-10,59.0,46.0,23.0,5.08,1.0000000000000003e-05,True,3.6500015258789062,167.9000701904297,5.08,233.68,158.0,112.0,1.71,270.18,0.062509375,False,3.6500015258789062,576.7002410888672,1.71,204.0
2023-03-10,60.0,65.0,37.0,4.69,1.0000000000000003e-05,True,2.6500015258789062,172.2500991821289,4.69,304.85,310.0,385.0,2.01,623.0999999999999,0.062509375,False,2.6500015258789062,821.5004730224609,2.01,375.0
2023-03-10,61.0,39.0,4.0,4.36,1.0000000000000003e-05,True,1.6500015258789062,64.35005950927734,4.36,170.04000000000002,63.0,9.0,2.46,154.98,0.0312596875,False,1.6500015258789062,103.9500961303711,2.46,102.0
2023-03-10,62.0,39.0,53.0,3.5,1.0000000000000003e-05,True,0.6500015258789062,25.350059509277344,3.5,136.5,115.0,41.0,2.97,341.55,0.015634843750000002,False,0.6500015258789062,74.75017547607422,2.97,154.0
2023-03-10,63.0,177.0,178.0,3.12,0.007822421875,False,0.34999847412109375,61.949729919433594,3.12,552.24,239.0,171.0,3.5,836.5,1.0000000000000003e-05,True,0.34999847412109375,83.6496353149414,3.5,416.0
2023-03-10,64.0,165.0,189.0,2.8,0.0312596875,False,1.3499984741210938,222.74974822998047,2.8,461.99999999999994,75.0,62.0,3.75,281.25,1.0000000000000003e-05,True,1.3499984741210938,101.24988555908203,3.75,240.0
2023-03-10,65.0,163.0,50.0,2.3,0.062509375,False,2.3499984741210938,383.0497512817383,2.3,374.9,297.0,93.0,4.45,1321.65,1.0000000000000003e-05,True,2.3499984741210938,697.9495468139648,4.45,460.0
2023-03-10,66.0,64.0,53.0,2.12,0.062509375,False,3.3499984741210938,214.39990234375,2.12,135.68,54.0,32.0,5.36,289.44,1.0000000000000003e-05,True,3.3499984741210938,180.89991760253906,5.36,118.0
2023-03-10,67.0,75.0,35.0,1.56,0.12500875,False,4.349998474121094,326.24988555908203,1.56,117.0,103.0,12.0,6.04,622.12,1.0000000000000003e-05,True,4.349998474121094,448.04984283447266,6.04,178.0
2023-03-10,68.0,70.0,40.0,1.29,0.12500875,False,5.349998474121094,374.49989318847656,1.29,90.3,69.0,22.0,6.75,465.75,1.0000000000000003e-05,True,5.349998474121094,369.14989471435547,6.75,139.0
2023-03-10,69.0,79.0,34.0,1.06,0.12500875,False,6.349998474121094,501.6498794555664,1.06,83.74000000000001,91.0,16.0,7.35,668.85,1.0000000000000003e-05,True,6.349998474121094,577.8498611450195,7.35,170.0
2023-03-10,70.0,356.0,118.0,0.93,0.12500875,False,7.349998474121094,2616.5994567871094,0.93,331.08000000000004,254.0,22.0,8.18,2077.72,1.0000000000000003e-05,True,7.349998474121094,1866.8996124267578,8.18,610.0
2023-03-10,71.0,112.0,23.0,0.73,0.12500875,False,8.349998474121094,935.1998291015625,0.73,81.75999999999999,35.0,13.0,8.75,306.25,1.0000000000000003e-05,True,8.349998474121094,292.2499465942383,8.75,147.0
2023-03-10,72.0,110.0,72.0,0.62,0.2500075,False,9.349998474121094,1028.4998321533203,0.62,68.2,53.0,12.0,9.95,527.3499999999999,1.0000000000000003e-05,True,9.349998474121094,495.54991912841797,9.95,163.0
2023-03-10,73.0,81.0,30.0,0.51,0.2500075,False,10.349998474121094,838.3498764038086,0.51,41.31,87.0,10.0,10.95,952.65,1.0000000000000003e-05,True,10.349998474121094,900.4498672485352,10.95,168.0
2023-03-10,74.0,98.0,19.0,0.45,0.2500075,False,11.349998474121094,1112.2998504638672,0.45,44.1,228.0,2.0,11.45,2610.6,1.0000000000000003e-05,True,11.349998474121094,2587.7996520996094,11.45,326.0
2023-03-10,75.0,351.0,39.0,0.34,0.2500075,False,12.349998474121094,4334.849464416504,0.34,119.34,168.0,6.0,12.24,2056.32,1.0000000000000003e-05,True,12.349998474121094,2074.7997436523438,12.24,519.0
2023-03-10,76.0,88.0,3.0,0.29,0.2500075,False,13.349998474121094,1174.7998657226562,0.29,25.52,21.0,1.0,12.4,260.40000000000003,1.0000000000000003e-05,True,13.349998474121094,280.34996795654297,12.4,109.0
2023-03-10,77.0,72.0,5.0,0.26,0.2500075,False,14.349998474121094,1033.1998901367188,0.26,18.72,92.0,3.0,14.77,1358.84,1.0000000000000003e-05,True,14.349998474121094,1320.1998596191406,14.77,164.0
2023-03-10,78.0,158.0,17.0,0.22,0.2500075,False,15.349998474121094,2425.299758911133,0.22,34.76,144.0,4.0,15.65,2253.6,1.0000000000000003e-05,True,15.349998474121094,2210.3997802734375,15.65,302.0
2023-03-10,79.0,20.0,8.0,0.19,0.2500075,False,16.349998474121094,326.9999694824219,0.19,3.8,43.0,,13.9,597.7,1.0000000000000003e-05,True,16.349998474121094,703.049934387207,13.9,63.0
2023-03-10,80.0,226.0,77.0,0.13,0.2500075,False,17.349998474121094,3921.099655151367,0.13,29.380000000000003,5.0,10.0,10.9,54.5,1.0000000000000003e-05,True,17.349998474121094,86.74999237060547,10.9,231.0
2023-03-10,81.0,40.0,28.0,0.11,0.2500075,False,18.349998474121094,733.9999389648438,0.11,4.4,2.0,,14.95,29.9,1.0000000000000003e-05,True,18.349998474121094,36.69999694824219,14.95,42.0
2023-03-10,82.0,209.0,210.0,0.08,0.2500075,False,19.349998474121094,4044.1496810913086,0.08,16.72,2.0,,15.15,30.3,1.0000000000000003e-05,True,19.349998474121094,38.69999694824219,15.15,211.0
2023-03-10,85.0,199.0,115.0,0.06,0.500005,False,22.349998474121094,4447.649696350098,0.06,11.94,10.0,,12.3,123.0,1.0000000000000003e-05,True,22.349998474121094,223.49998474121094,12.3,209.0
2023-03-10,90.0,491.0,68.0,0.03,0.500005,False,27.349998474121094,13428.849250793457,0.03,14.729999999999999,,,,,,,,,,
2023-03-10,95.0,211.0,33.0,0.04,0.500005,False,32.349998474121094,6825.849678039551,0.04,8.44,,,,,,,,,,
2023-03-10,100.0,106.0,3.0,0.01,0.500005,False,37.349998474121094,3959.099838256836,0.01,1.06,0.0,46.0,33.34,0.0,1.0000000000000003e-05,True,37.349998474121094,0.0,33.34,106.0
2023-03-17,20.0,4.0,5.0,45.25,1.0000000000000003e-05,True,42.650001525878906,170.60000610351562,45.25,181.0,218.0,1.0,0.04,8.72,0.500005,False,42.650001525878906,9297.700332641602,0.04,222.0
2023-03-17,22.5,28.0,1.0,45.2,1.0000000000000003e-05,True,40.150001525878906,1124.2000427246094,45.2,1265.6000000000001,519.0,4.0,0.01,5.19,0.500005,False,40.150001525878906,20837.850791931152,0.01,547.0
2023-03-17,25.0,28.0,10.0,51.17,1.0000000000000003e-05,True,37.650001525878906,1054.2000427246094,51.17,1432.76,2930.0,1.0,0.44,1289.2,0.500005,False,37.650001525878906,110314.5044708252,0.44,2958.0
2023-03-17,30.0,12.0,1.0,45.67,1.0000000000000003e-05,True,32.650001525878906,391.8000183105469,45.67,548.04,7654.0,4.0,0.01,76.54,0.500005,False,32.650001525878906,249903.11167907715,0.01,7666.0
2023-03-17,35.0,189.0,1.0,33.85,1.0000000000000003e-05,True,27.650001525878906,5225.850288391113,33.85,6397.650000000001,8224.0,58.0,0.02,164.48,0.500005,False,27.650001525878906,227393.61254882812,0.02,8413.0
2023-03-17,40.0,342.0,133.0,22.79,1.0000000000000003e-05,True,22.650001525878906,7746.300521850586,22.79,7794.179999999999,4598.0,110.0,0.06,275.88,0.500005,False,22.650001525878906,104144.70701599121,0.06,4940.0
2023-03-17,45.0,452.0,16.0,17.99,1.0000000000000003e-05,True,17.650001525878906,7977.800689697266,17.99,8131.48,3691.0,361.0,0.15,553.65,0.2500075,False,17.650001525878906,65146.15563201904,0.15,4143.0
2023-03-17,50.0,1149.0,58.0,12.78,1.0000000000000003e-05,True,12.650001525878906,14534.851753234863,12.78,14684.22,4022.0,1483.0,0.48,1930.56,0.2500075,False,12.650001525878906,50878.30613708496,0.48,5171.0
2023-03-17,55.0,2110.0,43.0,8.82,1.0000000000000003e-05,True,7.650001525878906,16141.503219604492,8.82,18610.2,2006.0,301.0,1.21,2427.2599999999998,0.12500875,False,7.650001525878906,15345.903060913086,1.21,4116.0
2023-03-17,58.0,29.0,56.0,6.8,1.0000000000000003e-05,True,4.650001525878906,134.85004425048828,6.8,197.2,142.0,201.0,2.12,301.04,0.062509375,False,4.650001525878906,660.3002166748047,2.12,171.0
2023-03-17,59.0,31.0,60.0,6.35,1.0000000000000003e-05,True,3.6500015258789062,113.1500473022461,6.35,196.85,101.0,75.0,2.61,263.61,0.062509375,False,3.6500015258789062,368.65015411376953,2.61,132.0
2023-03-17,60.0,1667.0,91.0,5.55,1.0000000000000003e-05,True,2.6500015258789062,4417.552543640137,5.55,9251.85,2525.0,680.0,2.77,6994.25,0.062509375,False,2.6500015258789062,6691.253852844238,2.77,4192.0
2023-03-17,61.0,88.0,45.0,5.15,1.0000000000000003e-05,True,1.6500015258789062,145.20013427734375,5.15,453.20000000000005,220.0,127.0,3.45,759.0,0.0312596875,False,1.6500015258789062,363.0003356933594,3.45,308.0
2023-03-17,62.0,85.0,103.0,4.3,1.0000000000000003e-05,True,0.6500015258789062,55.25012969970703,4.3,365.5,146.0,115.0,3.65,532.9,0.015634843750000002,False,0.6500015258789062,94.90022277832031,3.65,231.0
2023-03-17,63.0,112.0,72.0,3.95,0.007822421875,False,0.34999847412109375,39.1998291015625,3.95,442.40000000000003,167.0,42.0,4.0,668.0,1.0000000000000003e-05,True,0.34999847412109375,58.449745178222656,4.0,279.0
2023-03-17,64.0,229.0,67.0,3.56,0.0312596875,False,1.3499984741210938,309.14965057373047,3.56,815.24,358.0,52.0,4.85,1736.3,1.0000000000000003e-05,True,1.3499984741210938,483.29945373535156,4.85,587.0
2023-03-17,65.0,2490.0,447.0,3.1,0.0312596875,False,2.3499984741210938,5851.496200561523,3.1,7719.0,3250.0,343.0,5.28,17160.0,1.0000000000000003e-05,True,2.3499984741210938,7637.495040893555,5.28,5740.0
2023-03-17,66.0,341.0,70.0,2.75,0.062509375,False,3.3499984741210938,1142.349479675293,2.75,937.75,490.0,82.0,6.02,2949.7999999999997,1.0000000000000003e-05,True,3.3499984741210938,1641.499252319336,6.02,831.0
2023-03-17,67.0,532.0,26.0,2.46,0.062509375,False,4.349998474121094,2314.199188232422,2.46,1308.72,554.0,50.0,6.75,3739.5,1.0000000000000003e-05,True,4.349998474121094,2409.899154663086,6.75,1086.0
2023-03-17,68.0,325.0,76.0,2.03,0.062509375,False,5.349998474121094,1738.7495040893555,2.03,659.7499999999999,531.0,31.0,7.0,3717.0,1.0000000000000003e-05,True,5.349998474121094,2840.849189758301,7.0,856.0
2023-03-17,69.0,336.0,59.0,1.8,0.12500875,False,6.349998474121094,2133.5994873046875,1.8,604.8000000000001,510.0,58.0,7.85,4003.5,1.0000000000000003e-05,True,6.349998474121094,3238.499221801758,7.85,846.0
2023-03-17,70.0,2555.0,751.0,1.55,0.12500875,False,7.349998474121094,18779.246101379395,1.55,3960.25,2433.0,150.0,8.7,21167.1,1.0000000000000003e-05,True,7.349998474121094,17882.54628753662,8.7,4988.0
2023-03-17,71.0,96.0,25.0,1.36,0.12500875,False,8.349998474121094,801.599853515625,1.36,130.56,71.0,40.0,9.25,656.75,1.0000000000000003e-05,True,8.349998474121094,592.8498916625977,9.25,167.0
2023-03-17,72.0,319.0,21.0,1.09,0.12500875,False,9.349998474121094,2982.649513244629,1.09,347.71000000000004,80.0,58.0,10.25,820.0,1.0000000000000003e-05,True,9.349998474121094,747.9998779296875,10.25,399.0
2023-03-17,73.0,206.0,123.0,0.94,0.12500875,False,10.349998474121094,2132.0996856689453,0.94,193.64,122.0,44.0,10.9,1329.8,1.0000000000000003e-05,True,10.349998474121094,1262.6998138427734,10.9,328.0
2023-03-17,74.0,97.0,73.0,0.87,0.12500875,False,11.349998474121094,1100.949851989746,0.87,84.39,63.0,11.0,12.2,768.5999999999999,1.0000000000000003e-05,True,11.349998474121094,715.0499038696289,12.2,160.0
2023-03-17,75.0,2910.0,269.0,0.7,0.2500075,False,12.349998474121094,35938.49555969238,0.7,2036.9999999999998,769.0,52.0,13.09,10066.21,1.0000000000000003e-05,True,12.349998474121094,9497.148826599121,13.09,3679.0
2023-03-17,76.0,94.0,36.0,0.66,0.2500075,False,13.349998474121094,1254.8998565673828,0.66,62.040000000000006,44.0,,10.8,475.20000000000005,1.0000000000000003e-05,True,13.349998474121094,587.3999328613281,10.8,138.0
2023-03-17,77.0,361.0,11.0,0.53,0.2500075,False,14.349998474121094,5180.349449157715,0.53,191.33,86.0,,11.4,980.4,1.0000000000000003e-05,True,14.349998474121094,1234.099868774414,11.4,447.0
2023-03-17,78.0,33.0,5.0,0.42,0.2500075,False,15.349998474121094,506.5499496459961,0.42,13.86,65.0,3.0,15.8,1027.0,1.0000000000000003e-05,True,15.349998474121094,997.7499008178711,15.8,98.0
2023-03-17,79.0,38.0,8.0,0.41,0.2500075,False,16.349998474121094,621.2999420166016,0.41,15.579999999999998,10.0,1.0,16.5,165.0,1.0000000000000003e-05,True,16.349998474121094,163.49998474121094,16.5,48.0
2023-03-17,80.0,1262.0,362.0,0.31,0.2500075,False,17.349998474121094,21895.69807434082,0.31,391.21999999999997,206.0,8.0,17.77,3660.62,1.0000000000000003e-05,True,17.349998474121094,3574.0996856689453,17.77,1468.0
2023-03-17,81.0,68.0,70.0,0.3,0.2500075,False,18.349998474121094,1247.7998962402344,0.3,20.4,46.0,2.0,18.1,832.6,1.0000000000000003e-05,True,18.349998474121094,844.0999298095703,18.1,114.0
2023-03-17,82.0,344.0,52.0,0.23,0.2500075,False,19.349998474121094,6656.399475097656,0.23,79.12,6.0,,17.1,102.60000000000001,1.0000000000000003e-05,True,19.349998474121094,116.09999084472656,17.1,350.0
2023-03-17,85.0,2699.0,174.0,0.14,0.2500075,False,22.349998474121094,60322.64588165283,0.14,377.86,55.0,3.0,22.05,1212.75,1.0000000000000003e-05,True,22.349998474121094,1229.2499160766602,22.05,2754.0
2023-03-17,90.0,3402.0,267.0,0.07,0.2500075,False,27.349998474121094,93044.69480895996,0.07,238.14000000000001,16.0,2.0,27.62,441.92,1.0000000000000003e-05,True,27.349998474121094,437.5999755859375,27.62,3418.0
2023-03-17,95.0,2699.0,347.0,0.04,0.500005,False,32.349998474121094,87312.64588165283,0.04,107.96000000000001,0.0,1.0,27.64,0.0,1.0000000000000003e-05,True,32.349998474121094,0.0,27.64,2699.0
2023-03-17,100.0,4194.0,50.0,0.02,0.500005,False,37.349998474121094,156645.89360046387,0.02,83.88,0.0,3.0,30.1,0.0,1.0000000000000003e-05,True,37.349998474121094,0.0,30.1,4194.0
2023-03-17,105.0,1239.0,1.0,0.02,0.500005,False,42.349998474121094,52471.648109436035,0.02,24.78,0.0,5.0,37.6,0.0,1.0000000000000003e-05,True,42.349998474121094,0.0,37.6,1239.0
2023-03-17,110.0,3328.0,1.0,0.01,0.500005,False,47.349998474121094,157580.794921875,0.01,33.28,0.0,2.0,47.86,0.0,1.0000000000000003e-05,True,47.349998474121094,0.0,47.86,3328.0
2023-03-24,45.0,6.0,1.0,18.05,1.0000000000000003e-05,True,17.650001525878906,105.90000915527344,18.05,108.30000000000001,285.0,13.0,0.3,85.5,0.2500075,False,17.650001525878906,5030.250434875488,0.3,291.0
2023-03-24,46.0,7.0,1.0,11.4,1.0000000000000003e-05,True,16.650001525878906,116.55001068115234,11.4,79.8,447.0,15.0,0.36,160.92,0.2500075,False,16.650001525878906,7442.550682067871,0.36,454.0
2023-03-24,47.0,4.0,3.0,26.08,1.0000000000000003e-05,True,15.650001525878906,62.600006103515625,26.08,104.32,159.0,9.0,0.48,76.32,0.2500075,False,15.650001525878906,2488.350242614746,0.48,163.0
2023-03-24,48.0,3.0,3.0,15.81,1.0000000000000003e-05,True,14.650001525878906,43.95000457763672,15.81,47.43,67.0,2.0,0.54,36.18,0.2500075,False,14.650001525878906,981.5501022338867,0.54,70.0
2023-03-24,49.0,3.0,3.0,14.34,1.0000000000000003e-05,True,13.650001525878906,40.95000457763672,14.34,43.019999999999996,24.0,4.0,0.64,15.36,0.2500075,False,13.650001525878906,327.60003662109375,0.64,27.0
2023-03-24,50.0,28.0,2.0,13.65,1.0000000000000003e-05,True,12.650001525878906,354.2000427246094,13.65,382.2,225.0,29.0,0.78,175.5,0.2500075,False,12.650001525878906,2846.250343322754,0.78,253.0
2023-03-24,51.0,6.0,2.0,15.85,1.0000000000000003e-05,True,11.650001525878906,69.90000915527344,15.85,95.1,35.0,5.0,0.91,31.85,0.12500875,False,11.650001525878906,407.7500534057617,0.91,41.0
2023-03-24,52.0,17.0,5.0,13.26,1.0000000000000003e-05,True,10.650001525878906,181.0500259399414,13.26,225.42,287.0,25.0,1.03,295.61,0.12500875,False,10.650001525878906,3056.550437927246,1.03,304.0
2023-03-24,53.0,14.0,10.0,14.53,1.0000000000000003e-05,True,9.650001525878906,135.1000213623047,14.53,203.42,346.0,4.0,1.39,480.93999999999994,0.12500875,False,9.650001525878906,3338.9005279541016,1.39,360.0
2023-03-24,54.0,3.0,1.0,12.35,1.0000000000000003e-05,True,8.650001525878906,25.95000457763672,12.35,37.05,141.0,4.0,1.65,232.64999999999998,0.12500875,False,8.650001525878906,1219.6502151489258,1.65,144.0
2023-03-24,55.0,177.0,10.0,9.74,1.0000000000000003e-05,True,7.650001525878906,1354.0502700805664,9.74,1723.98,679.0,51.0,1.75,1188.25,0.12500875,False,7.650001525878906,5194.351036071777,1.75,856.0
2023-03-24,56.0,9.0,1.0,8.69,1.0000000000000003e-05,True,6.650001525878906,59.850013732910156,8.69,78.21,422.0,11.0,2.01,848.2199999999999,0.12500875,False,6.650001525878906,2806.3006439208984,2.01,431.0
2023-03-24,57.0,14.0,5.0,8.0,1.0000000000000003e-05,True,5.650001525878906,79.10002136230469,8.0,112.0,40.0,22.0,2.42,96.8,0.062509375,False,5.650001525878906,226.00006103515625,2.42,54.0
2023-03-24,58.0,16.0,2.0,9.55,1.0000000000000003e-05,True,4.650001525878906,74.4000244140625,9.55,152.8,52.0,12.0,2.63,136.76,0.062509375,False,4.650001525878906,241.80007934570312,2.63,68.0
2023-03-24,59.0,14.0,2.0,9.35,1.0000000000000003e-05,True,3.6500015258789062,51.10002136230469,9.35,130.9,55.0,4.0,3.0,165.0,0.062509375,False,3.6500015258789062,200.75008392333984,3.0,69.0
2023-03-24,60.0,184.0,1.0,6.6,1.0000000000000003e-05,True,2.6500015258789062,487.60028076171875,6.6,1214.3999999999999,169.0,73.0,3.34,564.4599999999999,0.0312596875,False,2.6500015258789062,447.85025787353516,3.34,353.0
2023-03-24,61.0,16.0,1.0,6.15,1.0000000000000003e-05,True,1.6500015258789062,26.4000244140625,6.15,98.4,52.0,15.0,3.8,197.6,0.0312596875,False,1.6500015258789062,85.80007934570312,3.8,68.0
2023-03-24,62.0,14.0,1.0,5.72,1.0000000000000003e-05,True,0.6500015258789062,9.100021362304688,5.72,80.08,56.0,2.0,4.25,238.0,0.015634843750000002,False,0.6500015258789062,36.40008544921875,4.25,70.0
2023-03-24,63.0,41.0,14.0,4.65,0.007822421875,False,0.34999847412109375,14.349937438964844,4.65,190.65,345.0,9.0,4.79,1652.55,1.0000000000000003e-05,True,0.34999847412109375,120.74947357177734,4.79,386.0
2023-03-24,64.0,29.0,7.0,4.25,0.0312596875,False,1.3499984741210938,39.14995574951172,4.25,123.25,41.0,15.0,5.29,216.89000000000001,1.0000000000000003e-05,True,1.3499984741210938,55.349937438964844,5.29,70.0
2023-03-24,65.0,287.0,21.0,3.85,0.0312596875,False,2.3499984741210938,674.4495620727539,3.85,1104.95,228.0,40.0,6.02,1372.56,1.0000000000000003e-05,True,2.3499984741210938,535.7996520996094,6.02,515.0
2023-03-24,66.0,51.0,6.0,3.4,0.062509375,False,3.3499984741210938,170.84992218017578,3.4,173.4,76.0,64.0,6.3,478.8,1.0000000000000003e-05,True,3.3499984741210938,254.59988403320312,6.3,127.0
2023-03-24,67.0,61.0,11.0,3.05,0.062509375,False,4.349998474121094,265.3499069213867,3.05,186.04999999999998,41.0,15.0,7.2,295.2,1.0000000000000003e-05,True,4.349998474121094,178.34993743896484,7.2,102.0
2023-03-24,68.0,172.0,2.0,5.15,0.062509375,False,5.349998474121094,920.1997375488281,5.15,885.8000000000001,35.0,6.0,7.7,269.5,1.0000000000000003e-05,True,5.349998474121094,187.24994659423828,7.7,207.0
2023-03-24,69.0,370.0,11.0,2.96,0.062509375,False,6.349998474121094,2349.4994354248047,2.96,1095.2,27.0,2.0,6.43,173.60999999999999,1.0000000000000003e-05,True,6.349998474121094,171.44995880126953,6.43,397.0
2023-03-24,70.0,180.0,47.0,2.1,0.12500875,False,7.349998474121094,1322.9997253417969,2.1,378.0,487.0,210.0,9.04,4402.48,1.0000000000000003e-05,True,7.349998474121094,3579.4492568969727,9.04,667.0
2023-03-24,71.0,729.0,11.0,1.78,0.12500875,False,8.349998474121094,6087.148887634277,1.78,1297.6200000000001,36.0,22.0,6.52,234.71999999999997,1.0000000000000003e-05,True,8.349998474121094,300.5999450683594,6.52,765.0
2023-03-24,72.0,61.0,4.0,1.8,0.12500875,False,9.349998474121094,570.3499069213867,1.8,109.8,21.0,4.0,9.12,191.51999999999998,1.0000000000000003e-05,True,9.349998474121094,196.34996795654297,9.12,82.0
2023-03-24,73.0,34.0,4.0,1.37,0.12500875,False,10.349998474121094,351.8999481201172,1.37,46.580000000000005,27.0,2.0,11.39,307.53000000000003,1.0000000000000003e-05,True,10.349998474121094,279.44995880126953,11.39,61.0
2023-03-24,74.0,80.0,15.0,1.18,0.12500875,False,11.349998474121094,907.9998779296875,1.18,94.39999999999999,18.0,1.0,12.4,223.20000000000002,1.0000000000000003e-05,True,11.349998474121094,204.2999725341797,12.4,98.0
2023-03-24,75.0,53.0,10.0,1.22,0.12500875,False,12.349998474121094,654.549919128418,1.22,64.66,18.0,2.0,13.23,238.14000000000001,1.0000000000000003e-05,True,12.349998474121094,222.2999725341797,13.23,71.0
2023-03-24,76.0,59.0,12.0,0.88,0.12500875,False,13.349998474121094,787.6499099731445,0.88,51.92,40.0,200.0,11.02,440.79999999999995,1.0000000000000003e-05,True,13.349998474121094,533.9999389648438,11.02,99.0
2023-03-24,77.0,19.0,11.0,0.87,0.12500875,False,14.349998474121094,272.6499710083008,0.87,16.53,30.0,3.0,14.9,447.0,1.0000000000000003e-05,True,14.349998474121094,430.4999542236328,14.9,49.0
2023-03-24,78.0,20.0,9.0,0.7,0.2500075,False,15.349998474121094,306.9999694824219,0.7,14.0,0.0,1.0,10.2,0.0,1.0000000000000003e-05,True,15.349998474121094,0.0,10.2,20.0
2023-03-24,80.0,51.0,6.0,0.52,0.2500075,False,17.349998474121094,884.8499221801758,0.52,26.52,5.0,3.0,18.01,90.05000000000001,1.0000000000000003e-05,True,17.349998474121094,86.74999237060547,18.01,56.0
2023-03-24,85.0,87.0,28.0,0.32,0.2500075,False,22.349998474121094,1944.4498672485352,0.32,27.84,2.0,,15.8,31.6,1.0000000000000003e-05,True,22.349998474121094,44.69999694824219,15.8,89.0
2023-03-24,90.0,121.0,55.0,0.17,0.2500075,False,27.349998474121094,3309.3498153686523,0.17,20.57,355.0,,17.26,6127.3,1.0000000000000003e-05,True,27.349998474121094,9709.249458312988,17.26,476.0
2023-03-24,95.0,135.0,3.0,0.08,0.2500075,False,32.349998474121094,4367.249794006348,0.08,10.8,,,,,,,,,,
2023-03-24,100.0,344.0,37.0,0.05,0.500005,False,37.349998474121094,12848.399475097656,0.05,17.2,,,,,,,,,,
2023-03-31,40.0,2.0,2.0,22.8,1.0000000000000003e-05,True,22.650001525878906,45.30000305175781,22.8,45.6,174.0,29.0,0.19,33.06,0.2500075,False,22.650001525878906,3941.1002655029297,0.19,176.0
2023-03-31,45.0,5.0,,30.23,1.0000000000000003e-05,True,17.650001525878906,88.25000762939453,30.23,151.15,344.0,38.0,0.43,147.92,0.2500075,False,17.650001525878906,6071.600524902344,0.43,349.0
2023-03-31,47.0,17.0,5.0,18.13,1.0000000000000003e-05,True,15.650001525878906,266.0500259399414,18.13,308.21,43.0,1.0,0.61,26.23,0.2500075,False,15.650001525878906,672.950065612793,0.61,60.0
2023-03-31,48.0,3.0,1.0,21.21,1.0000000000000003e-05,True,14.650001525878906,43.95000457763672,21.21,63.63,56.0,2.0,0.8,44.800000000000004,0.2500075,False,14.650001525878906,820.4000854492188,0.8,59.0
2023-03-31,49.0,1.0,1.0,16.39,1.0000000000000003e-05,True,13.650001525878906,13.650001525878906,16.39,16.39,49.0,6.0,0.86,42.14,0.2500075,False,13.650001525878906,668.8500747680664,0.86,50.0
2023-03-31,50.0,0.0,1.0,14.28,1.0000000000000003e-05,True,12.650001525878906,0.0,14.28,0.0,89.0,11.0,1.09,97.01,0.12500875,False,12.650001525878906,1125.8501358032227,1.09,89.0
2023-03-31,51.0,1.0,,10.45,1.0000000000000003e-05,True,11.650001525878906,11.650001525878906,10.45,10.45,13.0,3.0,1.17,15.209999999999999,0.12500875,False,11.650001525878906,151.45001983642578,1.17,14.0
2023-03-31,52.0,10.0,2.0,12.45,1.0000000000000003e-05,True,10.650001525878906,106.50001525878906,12.45,124.5,68.0,3.0,1.35,91.80000000000001,0.12500875,False,10.650001525878906,724.2001037597656,1.35,78.0
2023-03-31,53.0,14.0,1.0,11.7,1.0000000000000003e-05,True,9.650001525878906,135.1000213623047,11.7,163.79999999999998,45.0,4.0,1.58,71.10000000000001,0.12500875,False,9.650001525878906,434.2500686645508,1.58,59.0
2023-03-31,54.0,21.0,3.0,10.86,1.0000000000000003e-05,True,8.650001525878906,181.65003204345703,10.86,228.06,188.0,21.0,1.19,223.72,0.12500875,False,8.650001525878906,1626.2002868652344,1.19,209.0
2023-03-31,55.0,20.0,1.0,13.0,1.0000000000000003e-05,True,7.650001525878906,153.00003051757812,13.0,260.0,132.0,70.0,2.25,297.0,0.12500875,False,7.650001525878906,1009.8002014160156,2.25,152.0
2023-03-31,56.0,34.0,2.0,9.2,1.0000000000000003e-05,True,6.650001525878906,226.1000518798828,9.2,312.79999999999995,41.0,5.0,2.27,93.07000000000001,0.12500875,False,6.650001525878906,272.65006256103516,2.27,75.0
2023-03-31,57.0,8.0,1.0,10.08,1.0000000000000003e-05,True,5.650001525878906,45.20001220703125,10.08,80.64,85.0,17.0,2.74,232.9,0.062509375,False,5.650001525878906,480.25012969970703,2.74,93.0
2023-03-31,58.0,8.0,7.0,7.8,1.0000000000000003e-05,True,4.650001525878906,37.20001220703125,7.8,62.4,11.0,11.0,3.0,33.0,0.062509375,False,4.650001525878906,51.15001678466797,3.0,19.0
2023-03-31,59.0,18.0,3.0,11.75,1.0000000000000003e-05,True,3.6500015258789062,65.70002746582031,11.75,211.5,47.0,10.0,3.56,167.32,0.062509375,False,3.6500015258789062,171.5500717163086,3.56,65.0
2023-03-31,60.0,26.0,1.0,9.35,1.0000000000000003e-05,True,2.6500015258789062,68.90003967285156,9.35,243.1,103.0,18.0,3.85,396.55,0.0312596875,False,2.6500015258789062,272.95015716552734,3.85,129.0
2023-03-31,61.0,3.0,1.0,6.2,1.0000000000000003e-05,True,1.6500015258789062,4.950004577636719,6.2,18.6,44.0,3.0,4.28,188.32000000000002,0.0312596875,False,1.6500015258789062,72.60006713867188,4.28,47.0
2023-03-31,62.0,25.0,1.0,8.24,1.0000000000000003e-05,True,0.6500015258789062,16.250038146972656,8.24,206.0,12.0,2.0,4.77,57.239999999999995,0.007822421875,False,0.6500015258789062,7.800018310546875,4.77,37.0
2023-03-31,63.0,21.0,21.0,5.35,0.007822421875,False,0.34999847412109375,7.349967956542969,5.35,112.35,59.0,8.0,5.3,312.7,1.0000000000000003e-05,True,0.34999847412109375,20.64990997314453,5.3,80.0
2023-03-31,64.0,10.0,7.0,7.4,0.015634843750000002,False,1.3499984741210938,13.499984741210938,7.4,74.0,65.0,4.0,5.6,364.0,1.0000000000000003e-05,True,1.3499984741210938,87.7499008178711,5.6,75.0
2023-03-31,65.0,44.0,8.0,4.4,0.0312596875,False,2.3499984741210938,103.39993286132812,4.4,193.60000000000002,93.0,13.0,6.21,577.53,1.0000000000000003e-05,True,2.3499984741210938,218.54985809326172,6.21,137.0
2023-03-31,66.0,25.0,1.0,6.5,0.0312596875,False,3.3499984741210938,83.74996185302734,6.5,162.5,30.0,3.0,6.91,207.3,1.0000000000000003e-05,True,3.3499984741210938,100.49995422363281,6.91,55.0
2023-03-31,67.0,382.0,2.0,4.35,0.062509375,False,4.349998474121094,1661.6994171142578,4.35,1661.6999999999998,29.0,2.0,7.66,222.14000000000001,1.0000000000000003e-05,True,4.349998474121094,126.14995574951172,7.66,411.0
2023-03-31,68.0,207.0,25.0,3.21,0.062509375,False,5.349998474121094,1107.4496841430664,3.21,664.47,30.0,1.0,8.11,243.29999999999998,1.0000000000000003e-05,True,5.349998474121094,160.4999542236328,8.11,237.0
2023-03-31,69.0,44.0,3.0,2.77,0.062509375,False,6.349998474121094,279.3999328613281,2.77,121.88,140.0,16.0,7.27,1017.8,1.0000000000000003e-05,True,6.349998474121094,888.9997863769531,7.27,184.0
2023-03-31,70.0,158.0,74.0,2.59,0.062509375,False,7.349998474121094,1161.2997589111328,2.59,409.21999999999997,106.0,21.0,9.4,996.4000000000001,1.0000000000000003e-05,True,7.349998474121094,779.0998382568359,9.4,264.0
2023-03-31,71.0,158.0,14.0,2.18,0.12500875,False,8.349998474121094,1319.2997589111328,2.18,344.44,40.0,1.0,10.55,422.0,1.0000000000000003e-05,True,8.349998474121094,333.99993896484375,10.55,198.0
2023-03-31,75.0,224.0,32.0,1.45,0.12500875,False,12.349998474121094,2766.399658203125,1.45,324.8,67.0,15.0,13.7,917.9,1.0000000000000003e-05,True,12.349998474121094,827.4498977661133,13.7,291.0
2023-03-31,80.0,654.0,48.0,0.84,0.2500075,False,17.349998474121094,11346.899002075195,0.84,549.36,11.0,1.0,15.53,170.82999999999998,1.0000000000000003e-05,True,17.349998474121094,190.84998321533203,15.53,665.0
2023-03-31,85.0,179.0,10.0,0.49,0.2500075,False,22.349998474121094,4000.649726867676,0.49,87.71,1.0,1.0,15.24,15.24,1.0000000000000003e-05,True,22.349998474121094,22.349998474121094,15.24,180.0
2023-03-31,90.0,372.0,77.0,0.26,0.2500075,False,27.349998474121094,10174.199432373047,0.26,96.72,6.0,1.0,21.05,126.30000000000001,1.0000000000000003e-05,True,27.349998474121094,164.09999084472656,21.05,378.0
2023-04-06,50.0,,2.0,14.05,1.0000000000000003e-05,True,12.650001525878906,,14.05,,46.0,47.0,1.23,56.58,0.12500875,False,12.650001525878906,581.9000701904297,1.23,
2023-04-06,55.0,2.0,2.0,10.76,1.0000000000000003e-05,True,7.650001525878906,15.300003051757812,10.76,21.52,12.0,12.0,2.39,28.68,0.12500875,False,7.650001525878906,91.80001831054688,2.39,14.0
2023-04-06,57.0,1.0,1.0,8.81,1.0000000000000003e-05,True,5.650001525878906,5.650001525878906,8.81,8.81,5.0,4.0,3.01,15.049999999999999,0.062509375,False,5.650001525878906,28.25000762939453,3.01,6.0
2023-04-06,58.0,1.0,1.0,8.8,1.0000000000000003e-05,True,4.650001525878906,4.650001525878906,8.8,8.8,3.0,3.0,3.38,10.14,0.062509375,False,4.650001525878906,13.950004577636719,3.38,4.0
2023-04-06,62.0,7.0,8.0,6.1,1.0000000000000003e-05,True,0.6500015258789062,4.550010681152344,6.1,42.699999999999996,3.0,3.0,5.1,15.299999999999999,0.007822421875,False,0.6500015258789062,1.9500045776367188,5.1,10.0
2023-04-06,63.0,2.0,2.0,5.6,0.007822421875,False,0.34999847412109375,0.6999969482421875,5.6,11.2,10.0,13.0,5.71,57.1,1.0000000000000003e-05,True,0.34999847412109375,3.4999847412109375,5.71,12.0
2023-04-06,64.0,4.0,4.0,6.27,0.015634843750000002,False,1.3499984741210938,5.399993896484375,6.27,25.08,13.0,4.0,6.01,78.13,1.0000000000000003e-05,True,1.3499984741210938,17.54998016357422,6.01,17.0
2023-04-06,65.0,2.0,1.0,4.5,0.0312596875,False,2.3499984741210938,4.6999969482421875,4.5,9.0,,,,,,,,,,
2023-04-06,66.0,1.0,,6.85,0.0312596875,False,3.3499984741210938,3.3499984741210938,6.85,6.85,,,,,,,,,,
2023-04-06,68.0,1.0,1.0,4.2,0.062509375,False,5.349998474121094,5.349998474121094,4.2,4.2,,,,,,,,,,
2023-04-06,69.0,2.0,,4.57,0.062509375,False,6.349998474121094,12.699996948242188,4.57,9.14,,,,,,,,,,
2023-04-06,70.0,5.0,,5.0,0.062509375,False,7.349998474121094,36.74999237060547,5.0,25.0,1.0,2.0,10.3,10.3,1.0000000000000003e-05,True,7.349998474121094,7.349998474121094,10.3,6.0
2023-04-06,71.0,31.0,30.0,2.53,0.12500875,False,8.349998474121094,258.8499526977539,2.53,78.42999999999999,,,,,,,,,,
2023-04-06,72.0,3.0,,3.71,0.12500875,False,9.349998474121094,28.04999542236328,3.71,11.129999999999999,1.0,1.0,11.74,11.74,1.0000000000000003e-05,True,9.349998474121094,9.349998474121094,11.74,4.0
2023-04-06,73.0,4.0,3.0,2.1,0.12500875,False,10.349998474121094,41.399993896484375,2.1,8.4,,,,,,,,,,
2023-04-06,74.0,1.0,1.0,1.84,0.12500875,False,11.349998474121094,11.349998474121094,1.84,1.84,,,,,,,,,,
2023-04-06,75.0,4.0,4.0,2.3,0.12500875,False,12.349998474121094,49.399993896484375,2.3,9.2,,,,,,,,,,
2023-04-06,76.0,1.0,1.0,1.8,0.12500875,False,13.349998474121094,13.349998474121094,1.8,1.8,,,,,,,,,,
2023-04-06,77.0,4.0,3.0,1.42,0.12500875,False,14.349998474121094,57.399993896484375,1.42,5.68,,,,,,,,,,
2023-04-06,78.0,1.0,1.0,1.46,0.12500875,False,15.349998474121094,15.349998474121094,1.46,1.46,,,,,,,,,,
2023-04-06,80.0,47.0,47.0,0.95,0.12500875,False,17.349998474121094,815.4499282836914,0.95,44.65,,,,,,,,,,
2023-04-21,20.0,4.0,1.0,44.0,1.0000000000000003e-05,True,42.650001525878906,170.60000610351562,44.0,176.0,259.0,40.0,0.01,2.59,0.500005,False,42.650001525878906,11046.350395202637,0.01,263.0
2023-04-21,22.5,2.0,2.0,30.7,1.3515657421874998,True,40.150001525878906,80.30000305175781,30.7,61.4,384.0,66.0,0.01,3.84,0.500005,False,40.150001525878906,15417.6005859375,0.01,386.0
2023-04-21,25.0,18.0,10.0,23.6,1.0000000000000003e-05,True,37.650001525878906,677.7000274658203,23.6,424.8,1382.0,2.0,0.02,27.64,0.500005,False,37.650001525878906,52032.30210876465,0.02,1400.0
2023-04-21,30.0,22.0,4.0,43.62,1.0000000000000003e-05,True,32.650001525878906,718.3000335693359,43.62,959.64,3789.0,6.0,0.05,189.45000000000002,0.500005,False,32.650001525878906,123710.85578155518,0.05,3811.0
2023-04-21,35.0,35.0,8.0,28.0,1.0000000000000003e-05,True,27.650001525878906,967.7500534057617,28.0,980.0,2383.0,31.0,0.16,381.28000000000003,0.2500075,False,27.650001525878906,65889.95363616943,0.16,2418.0
2023-04-21,40.0,157.0,1.0,27.6,1.0000000000000003e-05,True,22.650001525878906,3556.0502395629883,27.6,4333.2,3443.0,158.0,0.4,1377.2,0.2500075,False,22.650001525878906,77983.95525360107,0.4,3600.0
2023-04-21,45.0,385.0,1.0,24.3,1.0000000000000003e-05,True,17.650001525878906,6795.250587463379,24.3,9355.5,1660.0,614.0,0.88,1460.8,0.2500075,False,17.650001525878906,29299.002532958984,0.88,2045.0
2023-04-21,50.0,574.0,63.0,14.71,1.0000000000000003e-05,True,12.650001525878906,7261.100875854492,14.71,8443.54,2721.0,489.0,1.72,4680.12,0.12500875,False,12.650001525878906,34420.654151916504,1.72,3295.0
2023-04-21,55.0,514.0,26.0,11.22,1.0000000000000003e-05,True,7.650001525878906,3932.100784301758,11.22,5767.08,1724.0,223.0,3.05,5258.2,0.062509375,False,7.650001525878906,13188.602630615234,3.05,2238.0
2023-04-21,60.0,1491.0,134.0,7.93,1.0000000000000003e-05,True,2.6500015258789062,3951.152275085449,7.93,11823.63,1244.0,216.0,5.1,6344.4,0.0312596875,False,2.6500015258789062,3296.6018981933594,5.1,2735.0
2023-04-21,65.0,1311.0,302.0,5.65,0.0312596875,False,2.3499984741210938,3080.847999572754,5.65,7407.150000000001,982.0,321.0,7.5,7365.0,1.0000000000000003e-05,True,2.3499984741210938,2307.698501586914,7.5,2293.0
2023-04-21,70.0,1223.0,470.0,3.7,0.062509375,False,7.349998474121094,8989.048133850098,3.7,4525.1,717.0,78.0,10.63,7621.710000000001,1.0000000000000003e-05,True,7.349998474121094,5269.948905944824,10.63,1940.0
2023-04-21,75.0,1578.0,242.0,2.43,0.12500875,False,12.349998474121094,19488.297592163086,2.43,3834.5400000000004,1006.0,55.0,14.2,14285.199999999999,1.0000000000000003e-05,True,12.349998474121094,12424.09846496582,14.2,2584.0
2023-04-21,80.0,1268.0,152.0,1.5,0.12500875,False,17.349998474121094,21999.798065185547,1.5,1902.0,85.0,5.0,16.0,1360.0,1.0000000000000003e-05,True,17.349998474121094,1474.749870300293,16.0,1353.0
2023-04-21,85.0,969.0,612.0,0.92,0.12500875,False,22.349998474121094,21657.14852142334,0.92,891.48,139.0,1.0,23.15,3217.85,1.0000000000000003e-05,True,22.349998474121094,3106.649787902832,23.15,1108.0
2023-04-21,90.0,562.0,58.0,0.56,0.2500075,False,27.349998474121094,15370.699142456055,0.56,314.72,44.0,1.0,25.65,1128.6,1.0000000000000003e-05,True,27.349998474121094,1203.3999328613281,25.65,606.0
2023-04-21,95.0,442.0,23.0,0.36,0.2500075,False,32.349998474121094,14298.699325561523,0.36,159.12,6.0,1.0,26.65,159.89999999999998,1.0000000000000003e-05,True,32.349998474121094,194.09999084472656,26.65,448.0
2023-04-21,100.0,1121.0,62.0,0.23,0.2500075,False,37.349998474121094,41869.348289489746,0.23,257.83,5.0,3.0,37.5,187.5,1.0000000000000003e-05,True,37.349998474121094,186.74999237060547,37.5,1126.0
2023-04-21,105.0,829.0,7.0,0.16,0.2500075,False,42.349998474121094,35108.14873504639,0.16,132.64000000000001,1.0,1.0,39.89,39.89,1.0000000000000003e-05,True,42.349998474121094,42.349998474121094,39.89,830.0
2023-04-21,110.0,284.0,13.0,0.1,0.2500075,False,47.349998474121094,13447.39956665039,0.1,28.400000000000002,1.0,16.0,39.27,39.27,1.0000000000000003e-05,True,47.349998474121094,47.349998474121094,39.27,285.0
2023-04-21,115.0,307.0,1.0,0.07,0.2500075,False,52.349998474121094,16071.449531555176,0.07,21.490000000000002,0.0,8.0,54.86,0.0,3.4282240856933597,True,52.349998474121094,0.0,54.86,307.0
2023-04-21,120.0,432.0,26.0,0.05,0.2500075,False,57.349998474121094,24775.199340820312,0.05,21.6,4.0,4.0,51.51,206.04,1.0000000000000003e-05,True,57.349998474121094,229.39999389648438,51.51,436.0
2023-04-21,125.0,1223.0,523.0,0.04,0.500005,False,62.349998474121094,76254.0481338501,0.04,48.92,0.0,5.0,57.0,0.0,1.0000000000000003e-05,True,62.349998474121094,0.0,57.0,1223.0
2023-06-16,20.0,26.0,3.0,45.0,1.0000000000000003e-05,True,42.650001525878906,1108.9000396728516,45.0,1170.0,252.0,1.0,0.02,5.04,0.500005,False,42.650001525878906,10747.800384521484,0.02,278.0
2023-06-16,22.5,1.0,1.0,21.0,1.3286166381835933,True,40.150001525878906,40.150001525878906,21.0,21.0,2321.0,10.0,0.1,232.10000000000002,0.500005,False,40.150001525878906,93188.15354156494,0.1,2322.0
2023-06-16,25.0,1.0,1.0,36.35,1.0000000000000003e-05,True,37.650001525878906,37.650001525878906,36.35,36.35,1567.0,22.0,0.17,266.39000000000004,0.2500075,False,37.650001525878906,58997.552391052246,0.17,1568.0
2023-06-16,30.0,12.0,1.0,35.0,1.0000000000000003e-05,True,32.650001525878906,391.8000183105469,35.0,420.0,3257.0,7.0,0.4,1302.8000000000002,0.2500075,False,32.650001525878906,106341.0549697876,0.4,3269.0
2023-06-16,35.0,109.0,1.0,31.57,1.0000000000000003e-05,True,27.650001525878906,3013.850166320801,31.57,3441.13,2178.0,1.0,0.82,1785.9599999999998,0.2500075,False,27.650001525878906,60221.70332336426,0.82,2287.0
2023-06-16,40.0,207.0,2.0,24.78,1.0000000000000003e-05,True,22.650001525878906,4688.550315856934,24.78,5129.46,3354.0,31.0,1.51,5064.54,0.2500075,False,22.650001525878906,75968.10511779785,1.51,3561.0
2023-06-16,45.0,425.0,1.0,20.45,1.0000000000000003e-05,True,17.650001525878906,7501.250648498535,20.45,8691.25,8172.0,60.0,2.47,20184.84,0.12500875,False,17.650001525878906,144235.81246948242,2.47,8597.0
2023-06-16,50.0,1029.0,423.0,17.49,1.0000000000000003e-05,True,12.650001525878906,13016.851570129395,17.49,17997.21,9285.0,98.0,4.05,37604.25,0.12500875,False,12.650001525878906,117455.26416778564,4.05,10314.0
2023-06-16,55.0,1717.0,8.0,17.55,1.0000000000000003e-05,True,7.650001525878906,13135.052619934082,17.55,30133.350000000002,1911.0,3.0,5.77,11026.47,0.062509375,False,7.650001525878906,14619.15291595459,5.77,3628.0
2023-06-16,60.0,2325.0,16.0,11.24,1.0000000000000003e-05,True,2.6500015258789062,6161.253547668457,11.24,26133.0,1346.0,48.0,7.98,10741.08,0.015634843750000002,False,2.6500015258789062,3566.902053833008,7.98,3671.0
2023-06-16,65.0,1291.0,21.0,9.2,0.015634843750000002,False,2.3499984741210938,3033.848030090332,9.2,11877.199999999999,984.0,37.0,10.42,10253.28,1.0000000000000003e-05,True,2.3499984741210938,2312.3984985351562,10.42,2275.0
2023-06-16,70.0,1775.0,87.0,7.1,0.062509375,False,7.349998474121094,13046.247291564941,7.1,12602.5,749.0,5.0,13.4,10036.6,1.0000000000000003e-05,True,7.349998474121094,5505.148857116699,13.4,2524.0
2023-06-16,75.0,1193.0,92.0,5.44,0.062509375,False,12.349998474121094,14733.548179626465,5.44,6489.92,1003.0,18.0,16.77,16820.31,1.0000000000000003e-05,True,12.349998474121094,12387.048469543457,16.77,2196.0
2023-06-16,80.0,1715.0,98.0,4.3,0.12500875,False,17.349998474121094,29755.247383117676,4.3,7374.5,577.0,3.0,19.25,11107.25,1.0000000000000003e-05,True,17.349998474121094,10010.949119567871,19.25,2292.0
2023-06-16,85.0,980.0,7.0,3.1,0.12500875,False,22.349998474121094,21902.998504638672,3.1,3038.0,1197.0,40.0,21.65,25915.05,1.0000000000000003e-05,True,22.349998474121094,26752.94817352295,21.65,2177.0
2023-06-16,90.0,1455.0,117.0,2.31,0.12500875,False,27.349998474121094,39794.24777984619,2.31,3361.05,216.0,22.0,26.7,5767.2,1.0000000000000003e-05,True,27.349998474121094,5907.599670410156,26.7,1671.0
2023-06-16,95.0,710.0,91.0,1.84,0.12500875,False,32.349998474121094,22968.498916625977,1.84,1306.4,59.0,1.0,29.5,1740.5,1.0000000000000003e-05,True,32.349998474121094,1908.6499099731445,29.5,769.0
2023-06-16,100.0,3182.0,109.0,1.35,0.2500075,False,37.349998474121094,118847.69514465332,1.35,4295.700000000001,47.0,1.0,33.35,1567.45,1.0000000000000003e-05,True,37.349998474121094,1755.4499282836914,33.35,3229.0
2023-06-16,105.0,648.0,4.0,1.0,0.2500075,False,42.349998474121094,27442.79901123047,1.0,648.0,69.0,1.0,40.38,2786.2200000000003,1.0000000000000003e-05,True,42.349998474121094,2922.1498947143555,40.38,717.0
2023-06-16,110.0,1294.0,14.0,0.78,0.2500075,False,47.349998474121094,61270.898025512695,0.78,1009.32,25.0,2.0,40.25,1006.25,1.0000000000000003e-05,True,47.349998474121094,1183.7499618530273,40.25,1319.0
2023-06-16,115.0,685.0,11.0,0.56,0.2500075,False,52.349998474121094,35859.74895477295,0.56,383.6,5.0,2.0,42.8,214.0,1.0000000000000003e-05,True,52.349998474121094,261.74999237060547,42.8,690.0
2023-06-16,120.0,903.0,5.0,0.42,0.2500075,False,57.349998474121094,51787.04862213135,0.42,379.26,18.0,1.0,71.82,1292.7599999999998,1.6950698840332032,True,57.349998474121094,1032.2999725341797,71.82,921.0
2023-06-16,125.0,900.0,35.0,0.34,0.2500075,False,62.349998474121094,56114.998626708984,0.34,306.0,54.0,12.0,56.75,3064.5,1.7019057873535157,True,62.349998474121094,3366.899917602539,56.75,954.0
2023-06-16,130.0,543.0,2.0,0.37,0.2500075,False,67.3499984741211,36571.049171447754,0.37,200.91,0.0,2.0,58.3,0.0,1.0000000000000003e-05,True,67.3499984741211,0.0,58.3,543.0
2023-06-16,135.0,737.0,37.0,0.18,0.2500075,False,72.3499984741211,53321.948875427246,0.18,132.66,0.0,2.0,64.87,0.0,1.0000000000000003e-05,True,72.3499984741211,0.0,64.87,737.0
2023-06-16,140.0,1467.0,35.0,0.23,0.2500075,False,77.3499984741211,113472.44776153564,0.23,337.41,0.0,1.0,67.5,0.0,1.0000000000000003e-05,True,77.3499984741211,0.0,67.5,1467.0
2023-07-21,20.0,6.0,1.0,46.0,1.0000000000000003e-05,True,42.650001525878906,255.90000915527344,46.0,276.0,311.0,71.0,0.1,31.1,0.500005,False,42.650001525878906,13264.15047454834,0.1,317.0
2023-07-21,22.5,0.0,,24.88,1.0000000000000003e-05,True,40.150001525878906,0.0,24.88,0.0,116.0,5.0,0.15,17.4,0.2500075,False,40.150001525878906,4657.400177001953,0.15,116.0
2023-07-21,25.0,1.0,1.0,28.5,0.999023447265625,True,37.650001525878906,37.650001525878906,28.5,28.5,204.0,1.0,0.22,44.88,0.2500075,False,37.650001525878906,7680.600311279297,0.22,205.0
2023-07-21,30.0,249.0,48.0,17.0,1.0266161950683594,True,32.650001525878906,8129.850379943848,17.0,4233.0,1858.0,39.0,0.56,1040.48,0.2500075,False,32.650001525878906,60663.70283508301,0.56,2107.0
2023-07-21,35.0,7.0,15.0,35.6,1.0000000000000003e-05,True,27.650001525878906,193.55001068115234,35.6,249.20000000000002,2062.0,82.0,1.11,2288.82,0.2500075,False,27.650001525878906,57014.303146362305,1.11,2069.0
2023-07-21,40.0,133.0,1.0,35.85,1.0000000000000003e-05,True,22.650001525878906,3012.4502029418945,35.85,4768.05,2811.0,42.0,1.93,5425.23,0.12500875,False,22.650001525878906,63669.154289245605,1.93,2944.0
2023-07-21,45.0,95.0,5.0,24.1,1.0000000000000003e-05,True,17.650001525878906,1676.750144958496,24.1,2289.5,824.0,3.0,3.1,2554.4,0.12500875,False,17.650001525878906,14543.601257324219,3.1,919.0
2023-07-21,50.0,325.0,4.0,18.09,1.0000000000000003e-05,True,12.650001525878906,4111.2504959106445,18.09,5879.25,823.0,52.0,4.66,3835.1800000000003,0.062509375,False,12.650001525878906,10410.95125579834,4.66,1148.0
2023-07-21,55.0,295.0,13.0,15.09,1.0000000000000003e-05,True,7.650001525878906,2256.7504501342773,15.09,4451.55,1434.0,2.0,6.55,9392.699999999999,0.062509375,False,7.650001525878906,10970.102188110352,6.55,1729.0
2023-07-21,60.0,160.0,3.0,12.5,1.0000000000000003e-05,True,2.6500015258789062,424.000244140625,12.5,2000.0,939.0,97.0,8.82,8281.98,0.015634843750000002,False,2.6500015258789062,2488.351432800293,8.82,1099.0
2023-07-21,65.0,600.0,2.0,10.5,0.015634843750000002,False,2.3499984741210938,1409.9990844726562,10.5,6300.0,393.0,9.0,11.42,4488.06,1.0000000000000003e-05,True,2.3499984741210938,923.5494003295898,11.42,993.0
2023-07-21,70.0,585.0,2.0,8.3,0.0312596875,False,7.349998474121094,4299.74910736084,8.3,4855.5,199.0,1.0,14.45,2875.5499999999997,1.0000000000000003e-05,True,7.349998474121094,1462.6496963500977,14.45,784.0
2023-07-21,75.0,509.0,14.0,6.68,0.062509375,False,12.349998474121094,6286.149223327637,6.68,3400.12,412.0,1.0,17.5,7210.0,1.0000000000000003e-05,True,12.349998474121094,5088.199371337891,17.5,921.0
2023-07-21,80.0,1071.0,40.0,5.3,0.062509375,False,17.349998474121094,18581.84836578369,5.3,5676.3,869.0,18.0,20.05,17423.45,1.0000000000000003e-05,True,17.349998474121094,15077.14867401123,20.05,1940.0
2023-07-21,85.0,1480.0,71.0,4.25,0.12500875,False,22.349998474121094,33077.99774169922,4.25,6290.0,400.0,1.0,20.65,8260.0,1.0000000000000003e-05,True,22.349998474121094,8939.999389648438,20.65,1880.0
2023-07-21,90.0,887.0,98.0,3.25,0.12500875,False,27.349998474121094,24259.44864654541,3.25,2882.75,110.0,5.0,29.15,3206.5,1.0000000000000003e-05,True,27.349998474121094,3008.4998321533203,29.15,997.0
2023-07-21,95.0,234.0,20.0,2.47,0.12500875,False,32.349998474121094,7569.899642944336,2.47,577.98,94.0,9.0,35.85,3369.9,1.0000000000000003e-05,True,32.349998474121094,3040.899856567383,35.85,328.0
2023-07-21,100.0,565.0,22.0,1.98,0.12500875,False,37.349998474121094,21102.749137878418,1.98,1118.7,126.0,151.0,33.6,4233.6,1.0000000000000003e-05,True,37.349998474121094,4706.099807739258,33.6,691.0
2023-09-15,20.0,3.0,,27.05,1.0000000000000003e-05,True,42.650001525878906,127.95000457763672,27.05,81.15,161.0,103.0,0.2,32.2,0.2500075,False,42.650001525878906,6866.650245666504,0.2,164.0
2023-09-15,30.0,30.0,15.0,40.7,1.0000000000000003e-05,True,32.650001525878906,979.5000457763672,40.7,1221.0,119.0,1.0,1.01,120.19,0.2500075,False,32.650001525878906,3885.35018157959,1.01,149.0
2023-09-15,35.0,37.0,1.0,30.15,1.0000000000000003e-05,True,27.650001525878906,1023.0500564575195,30.15,1115.55,1429.0,2.0,1.41,2014.8899999999999,0.12500875,False,27.650001525878906,39511.85218048096,1.41,1466.0
2023-09-15,40.0,1838.0,9.0,36.85,1.0000000000000003e-05,True,22.650001525878906,41630.70280456543,36.85,67730.3,1410.0,37.0,2.91,4103.1,0.12500875,False,22.650001525878906,31936.502151489258,2.91,3248.0
2023-09-15,45.0,24.0,1.0,27.5,1.0000000000000003e-05,True,17.650001525878906,423.60003662109375,27.5,660.0,1033.0,5.0,4.4,4545.200000000001,0.12500875,False,17.650001525878906,18232.45157623291,4.4,1057.0
2023-09-15,50.0,22.0,3.0,20.09,1.0000000000000003e-05,True,12.650001525878906,278.30003356933594,20.09,441.98,1561.0,54.0,6.1,9522.099999999999,0.062509375,False,12.650001525878906,19746.652381896973,6.1,1583.0
2023-09-15,55.0,243.0,2.0,17.15,1.0000000000000003e-05,True,7.650001525878906,1858.9503707885742,17.15,4167.45,284.0,21.0,8.2,2328.7999999999997,0.0312596875,False,7.650001525878906,2172.6004333496094,8.2,527.0
2023-09-15,60.0,3881.0,1.0,14.67,1.0000000000000003e-05,True,2.6500015258789062,10284.655921936035,14.67,56934.27,365.0,18.0,10.35,3777.75,0.015634843750000002,False,2.6500015258789062,967.2505569458008,10.35,4246.0
2023-09-15,65.0,863.0,9.0,12.42,0.015634843750000002,False,2.3499984741210938,2028.048683166504,12.42,10718.46,1132.0,1.0,13.23,14976.36,1.0000000000000003e-05,True,2.3499984741210938,2660.198272705078,13.23,1995.0
2023-09-15,70.0,225.0,14.0,10.45,0.0312596875,False,7.349998474121094,1653.749656677246,10.45,2351.25,618.0,20.0,16.07,9931.26,1.0000000000000003e-05,True,7.349998474121094,4542.299057006836,16.07,843.0
2023-09-15,75.0,448.0,21.0,8.9,0.062509375,False,12.349998474121094,5532.79931640625,8.9,3987.2000000000003,67.0,6.0,18.0,1206.0,1.0000000000000003e-05,True,12.349998474121094,827.4498977661133,18.0,515.0
2023-09-15,80.0,430.0,8.0,7.35,0.062509375,False,17.349998474121094,7460.49934387207,7.35,3160.5,35.0,4.0,22.29,780.15,1.0000000000000003e-05,True,17.349998474121094,607.2499465942383,22.29,465.0
2023-09-15,85.0,241.0,6.0,6.15,0.12500875,False,22.349998474121094,5386.349632263184,6.15,1482.15,34.0,8.0,20.09,683.06,1.0000000000000003e-05,True,22.349998474121094,759.8999481201172,20.09,275.0
2023-09-15,90.0,478.0,30.0,5.0,0.12500875,False,27.349998474121094,13073.299270629883,5.0,2390.0,19.0,21.0,22.9,435.09999999999997,1.0000000000000003e-05,True,27.349998474121094,519.6499710083008,22.9,497.0
2023-09-15,95.0,108.0,3.0,4.05,0.12500875,False,32.349998474121094,3493.799835205078,4.05,437.4,6.0,,29.66,177.96,1.0000000000000003e-05,True,32.349998474121094,194.09999084472656,29.66,114.0
2023-09-15,100.0,421.0,8.0,3.52,0.12500875,False,37.349998474121094,15724.34935760498,3.52,1481.92,77.0,5.0,46.2,3557.4,1.0000000000000003e-05,True,37.349998474121094,2875.949882507324,46.2,498.0
2023-10-20,30.0,0.0,,46.65,1.0000000000000003e-05,True,32.650001525878906,0.0,46.65,0.0,17.0,4.0,1.25,21.25,0.2500075,False,32.650001525878906,555.0500259399414,1.25,17.0
2023-10-20,35.0,1.0,,33.5,1.0000000000000003e-05,True,27.650001525878906,27.650001525878906,33.5,33.5,25.0,8.0,2.14,53.5,0.12500875,False,27.650001525878906,691.2500381469727,2.14,26.0
2023-10-20,40.0,1.0,,32.4,1.0000000000000003e-05,True,22.650001525878906,22.650001525878906,32.4,32.4,307.0,4.0,3.29,1010.03,0.12500875,False,22.650001525878906,6953.550468444824,3.29,308.0
2023-10-20,45.0,1.0,,35.65,1.0000000000000003e-05,True,17.650001525878906,17.650001525878906,35.65,35.65,125.0,42.0,4.06,507.49999999999994,0.12500875,False,17.650001525878906,2206.2501907348633,4.06,126.0
2023-10-20,50.0,7.0,8.0,21.1,1.0000000000000003e-05,True,12.650001525878906,88.55001068115234,21.1,147.70000000000002,48.0,3.0,5.75,276.0,0.062509375,False,12.650001525878906,607.2000732421875,5.75,55.0
2023-10-20,60.0,2.0,1.0,20.7,1.0000000000000003e-05,True,2.6500015258789062,5.3000030517578125,20.7,41.4,23.0,1.0,10.98,252.54000000000002,0.015634843750000002,False,2.6500015258789062,60.950035095214844,10.98,25.0
2023-10-20,65.0,8.0,7.0,18.37,0.015634843750000002,False,2.3499984741210938,18.79998779296875,18.37,146.96,4.0,1.0,12.5,50.0,1.0000000000000003e-05,True,2.3499984741210938,9.399993896484375,12.5,12.0
2023-10-20,70.0,16.0,2.0,11.46,0.0312596875,False,7.349998474121094,117.5999755859375,11.46,183.36,30.0,1.0,15.07,452.1,1.0000000000000003e-05,True,7.349998474121094,220.4999542236328,15.07,46.0
2023-10-20,75.0,27.0,1.0,9.86,0.062509375,False,12.349998474121094,333.44995880126953,9.86,266.21999999999997,7.0,,15.21,106.47,1.0000000000000003e-05,True,12.349998474121094,86.44998931884766,15.21,34.0
2023-10-20,80.0,52.0,3.0,9.75,0.062509375,False,17.349998474121094,902.1999206542969,9.75,507.0,3.0,,18.2,54.599999999999994,1.0000000000000003e-05,True,17.349998474121094,52.04999542236328,18.2,55.0
2023-10-20,85.0,11.0,1.0,9.25,0.062509375,False,22.349998474121094,245.84998321533203,9.25,101.75,,,,,,,,,,
2023-10-20,90.0,55.0,1.0,5.8,0.12500875,False,27.349998474121094,1504.2499160766602,5.8,319.0,6.0,,29.3,175.8,1.0000000000000003e-05,True,27.349998474121094,164.09999084472656,29.3,61.0
2023-10-20,95.0,10.0,3.0,5.05,0.12500875,False,32.349998474121094,323.49998474121094,5.05,50.5,22.0,,32.0,704.0,1.0000000000000003e-05,True,32.349998474121094,711.6999664306641,32.0,32.0
2023-10-20,100.0,61.0,5.0,4.2,0.12500875,False,37.349998474121094,2278.3499069213867,4.2,256.2,,,,,,,,,,
2024-01-19,20.0,143.0,2.0,46.65,1.0000000000000003e-05,True,42.650001525878906,6098.950218200684,46.65,6670.95,335.0,11.0,0.47,157.45,0.2500075,False,42.650001525878906,14287.750511169434,0.47,478.0
2024-01-19,22.5,41.0,80.0,54.95,1.0000000000000003e-05,True,40.150001525878906,1646.1500625610352,54.95,2252.9500000000003,97.0,4.0,0.42,40.74,0.2500075,False,40.150001525878906,3894.550148010254,0.42,138.0
2024-01-19,25.0,31.0,8.0,51.9,1.0000000000000003e-05,True,37.650001525878906,1167.150047302246,51.9,1608.8999999999999,954.0,100.0,1.08,1030.3200000000002,0.2500075,False,37.650001525878906,35918.10145568848,1.08,985.0
2024-01-19,30.0,132.0,1.0,40.75,1.0000000000000003e-05,True,32.650001525878906,4309.800201416016,40.75,5379.0,1992.0,17.0,1.8,3585.6,0.12500875,False,32.650001525878906,65038.80303955078,1.8,2124.0
2024-01-19,35.0,125.0,6.0,32.3,1.0000000000000003e-05,True,27.650001525878906,3456.2501907348633,32.3,4037.4999999999995,1159.0,14.0,2.95,3419.05,0.12500875,False,27.650001525878906,32046.351768493652,2.95,1284.0
2024-01-19,40.0,850.0,20.0,29.2,1.0000000000000003e-05,True,22.650001525878906,19252.50129699707,29.2,24820.0,1645.0,28.0,4.4,7238.000000000001,0.12500875,False,22.650001525878906,37259.2525100708,4.4,2495.0
2024-01-19,45.0,394.0,16.0,26.15,1.0000000000000003e-05,True,17.650001525878906,6954.100601196289,26.15,10303.099999999999,2815.0,205.0,6.1,17171.5,0.062509375,False,17.650001525878906,49684.75429534912,6.1,3209.0
2024-01-19,50.0,318.0,22.0,23.2,1.0000000000000003e-05,True,12.650001525878906,4022.700485229492,23.2,7377.599999999999,574.0,15.0,8.1,4649.4,0.062509375,False,12.650001525878906,7261.100875854492,8.1,892.0
2024-01-19,55.0,242.0,18.0,20.55,1.0000000000000003e-05,True,7.650001525878906,1851.3003692626953,20.55,4973.1,470.0,65.0,10.35,4864.5,0.0312596875,False,7.650001525878906,3595.500717163086,10.35,712.0
2024-01-19,60.0,711.0,25.0,17.9,1.0000000000000003e-05,True,2.6500015258789062,1884.1510848999023,17.9,12726.9,2200.0,36.0,12.9,28380.0,0.015634843750000002,False,2.6500015258789062,5830.003356933594,12.9,2911.0
2024-01-19,65.0,571.0,2.0,15.53,0.007822421875,False,2.3499984741210938,1341.8491287231445,15.53,8867.63,954.0,13.0,15.75,15025.5,1.0000000000000003e-05,True,2.3499984741210938,2241.8985443115234,15.75,1525.0
2024-01-19,70.0,698.0,6.0,14.25,0.0312596875,False,7.349998474121094,5130.298934936523,14.25,9946.5,516.0,1.0,18.3,9442.800000000001,1.0000000000000003e-05,True,7.349998474121094,3792.5992126464844,18.3,1214.0
2024-01-19,75.0,341.0,4.0,12.3,0.0312596875,False,12.349998474121094,4211.349479675293,12.3,4194.3,776.0,8.0,21.55,16722.8,1.0000000000000003e-05,True,12.349998474121094,9583.598815917969,21.55,1117.0
2024-01-19,80.0,449.0,15.0,10.5,0.062509375,False,17.349998474121094,7790.149314880371,10.5,4714.5,1377.0,6.0,22.4,30844.8,1.0000000000000003e-05,True,17.349998474121094,23890.947898864746,22.4,1826.0
2024-01-19,85.0,561.0,28.0,9.11,0.062509375,False,22.349998474121094,12538.349143981934,9.11,5110.71,683.0,3.0,27.1,18509.3,1.0000000000000003e-05,True,22.349998474121094,15265.048957824707,27.1,1244.0
2024-01-19,90.0,2125.0,16.0,8.0,0.062509375,False,27.349998474121094,58118.746757507324,8.0,17000.0,833.0,9.0,28.3,23573.9,1.0000000000000003e-05,True,27.349998474121094,22782.54872894287,28.3,2958.0
2024-01-19,95.0,936.0,126.0,6.9,0.12500875,False,32.349998474121094,30279.598571777344,6.9,6458.400000000001,356.0,22.0,34.35,12228.6,1.0000000000000003e-05,True,32.349998474121094,11516.59945678711,34.35,1292.0
2024-01-19,100.0,1410.0,100.0,6.05,0.12500875,False,37.349998474121094,52663.49784851074,6.05,8530.5,352.0,1.0,36.85,12971.2,1.0000000000000003e-05,True,37.349998474121094,13147.199462890625,36.85,1762.0
2024-01-19,105.0,339.0,27.0,5.16,0.12500875,False,42.349998474121094,14356.64948272705,5.16,1749.24,370.0,7.0,39.6,14652.0,1.0000000000000003e-05,True,42.349998474121094,15669.499435424805,39.6,709.0
2024-01-19,110.0,535.0,26.0,4.6,0.12500875,False,47.349998474121094,25332.249183654785,4.6,2461.0,117.0,5.0,42.67,4992.39,1.0000000000000003e-05,True,47.349998474121094,5539.949821472168,42.67,652.0
2024-01-19,115.0,818.0,21.0,4.0,0.12500875,False,52.349998474121094,42822.298751831055,4.0,3272.0,380.0,8.0,47.2,17936.0,1.0000000000000003e-05,True,52.349998474121094,19892.999420166016,47.2,1198.0
2024-01-19,120.0,2172.0,1.0,3.45,0.12500875,False,57.349998474121094,124564.19668579102,3.45,7493.400000000001,30.0,1.0,51.67,1550.1000000000001,1.0000000000000003e-05,True,57.349998474121094,1720.4999542236328,51.67,2202.0
2024-01-19,125.0,320.0,14.0,2.9,0.12500875,False,62.349998474121094,19951.99951171875,2.9,928.0,28.0,6.0,62.75,1757.0,1.0000000000000003e-05,True,62.349998474121094,1745.7999572753906,62.75,348.0
2024-01-19,130.0,645.0,12.0,2.7,0.12500875,False,67.3499984741211,43440.749015808105,2.7,1741.5000000000002,85.0,22.0,60.05,5104.25,1.0000000000000003e-05,True,67.3499984741211,5724.749870300293,60.05,730.0
2024-01-19,135.0,275.0,1.0,2.7,0.12500875,False,72.3499984741211,19896.2495803833,2.7,742.5,25.0,13.0,64.7,1617.5,1.0000000000000003e-05,True,72.3499984741211,1808.7499618530273,64.7,300.0
2024-01-19,140.0,399.0,2.0,1.95,0.12500875,False,77.3499984741211,30862.649391174316,1.95,778.05,32.0,21.0,70.05,2241.6,1.0000000000000003e-05,True,77.3499984741211,2475.199951171875,70.05,431.0
2024-01-19,145.0,327.0,2.0,2.93,0.12500875,False,82.3499984741211,26928.449501037598,2.93,958.11,8.0,4.0,74.95,599.6,1.0000000000000003e-05,True,82.3499984741211,658.7999877929688,74.95,335.0
2024-01-19,150.0,1634.0,6.0,1.5,0.2500075,False,87.3499984741211,142729.89750671387,1.5,2451.0,56.0,1.0,81.25,4550.0,1.0000000000000003e-05,True,87.3499984741211,4891.599914550781,81.25,1690.0
2024-01-19,155.0,410.0,1.0,1.5,0.2500075,False,92.3499984741211,37863.49937438965,1.5,615.0,2.0,5.0,101.7,203.4,0.5278367529296876,True,92.3499984741211,184.6999969482422,101.7,412.0
2024-01-19,160.0,269.0,2.0,1.16,0.2500075,False,97.3499984741211,26187.149589538574,1.16,312.03999999999996,5.0,1.0,95.6,478.0,1.0000000000000003e-05,True,97.3499984741211,486.74999237060547,95.6,274.0
2024-01-19,165.0,125.0,4.0,1.39,0.2500075,False,102.3499984741211,12793.749809265137,1.39,173.75,1.0,44.0,113.3,113.3,0.6473423937988281,True,102.3499984741211,102.3499984741211,113.3,126.0
2024-01-19,170.0,400.0,1.0,0.98,0.2500075,False,107.3499984741211,42939.99938964844,0.98,392.0,0.0,32.0,117.78,0.0,0.6706575903320313,True,107.3499984741211,0.0,117.78,400.0
2024-01-19,175.0,368.0,2.0,0.8,0.2500075,False,112.3499984741211,41344.79943847656,0.8,294.40000000000003,0.0,1.0,118.5,0.0,1.0000000000000003e-05,True,112.3499984741211,0.0,118.5,368.0
2024-01-19,180.0,487.0,1.0,1.12,0.2500075,False,117.3499984741211,57149.44925689697,1.12,545.44,1.0,1.0,129.65,129.65,1.0000000000000003e-05,True,117.3499984741211,117.3499984741211,129.65,488.0
2024-01-19,185.0,215.0,4.0,0.88,0.2500075,False,122.3499984741211,26305.249671936035,0.88,189.2,8.0,77.0,113.81,910.48,1.2180825228881833,True,122.3499984741211,978.7999877929688,113.81,223.0
2024-01-19,190.0,1433.0,100.0,0.57,0.2500075,False,127.3499984741211,182492.54781341553,0.57,816.81,5.0,15.0,129.35,646.75,1.0000000000000003e-05,True,127.3499984741211,636.7499923706055,129.35,1438.0
2024-01-19,195.0,189.0,1.0,0.8,0.2500075,False,132.3499984741211,25014.149711608887,0.8,151.20000000000002,2.0,3.0,138.8,277.6,1.0000000000000003e-05,True,132.3499984741211,264.6999969482422,138.8,191.0
2024-01-19,200.0,1666.0,21.0,0.61,0.2500075,False,137.3499984741211,228825.09745788574,0.61,1016.26,0.0,4.0,143.8,0.0,0.5903361279296876,True,137.3499984741211,0.0,143.8,1666.0
2024-01-19,205.0,101.0,18.0,0.51,0.2500075,False,142.3499984741211,14377.34984588623,0.51,51.51,0.0,24.0,152.61,0.0,0.735354208984375,True,142.3499984741211,0.0,152.61,101.0
2024-01-19,210.0,496.0,1.0,0.46,0.2500075,False,147.3499984741211,73085.59924316406,0.46,228.16,0.0,5.0,156.39,0.0,1.7205824517822266,True,147.3499984741211,0.0,156.39,496.0
2024-01-19,220.0,752.0,70.0,0.48,0.2500075,False,157.3499984741211,118327.19885253906,0.48,360.96,0.0,1.0,169.05,0.0,1.0000000000000003e-05,True,157.3499984741211,0.0,169.05,752.0
2024-01-19,230.0,230.0,1.0,0.5,0.2500075,False,167.3499984741211,38490.49964904785,0.5,115.0,0.0,2.0,174.2,0.0,1.6002217254638669,True,167.3499984741211,0.0,174.2,230.0
2024-01-19,240.0,157.0,2.0,0.3,0.2500075,False,177.3499984741211,27843.94976043701,0.3,47.1,0.0,2.0,179.73,0.0,1.3204379681396483,True,177.3499984741211,0.0,179.73,157.0
2024-01-19,250.0,700.0,2.0,0.25,0.2500075,False,187.3499984741211,131144.99893188477,0.25,175.0,0.0,2.0,174.57,0.0,1.0000000000000003e-05,True,187.3499984741211,0.0,174.57,700.0
2024-01-19,260.0,199.0,2.0,0.27,0.2500075,False,197.3499984741211,39272.6496963501,0.27,53.730000000000004,0.0,4.0,208.0,0.0,1.0000000000000003e-05,True,197.3499984741211,0.0,208.0,199.0
2024-01-19,270.0,148.0,2.0,0.22,0.2500075,False,207.3499984741211,30687.799774169922,0.22,32.56,0.0,30.0,217.0,0.0,0.8352067260742186,True,207.3499984741211,0.0,217.0,148.0
2024-01-19,280.0,165.0,3.0,0.15,0.2500075,False,217.3499984741211,35862.74974822998,0.15,24.75,0.0,6.0,205.9,0.0,1.0000000000000003e-05,True,217.3499984741211,0.0,205.9,165.0
2024-01-19,290.0,376.0,3.0,0.14,0.2500075,False,227.3499984741211,85483.59942626953,0.14,52.64000000000001,0.0,2.0,237.15,0.0,0.9492192578124999,True,227.3499984741211,0.0,237.15,376.0
2024-01-19,300.0,2239.0,34.0,0.14,0.2500075,False,237.3499984741211,531426.6465835571,0.14,313.46000000000004,0.0,94.0,229.81,0.0,1.0000000000000003e-05,True,237.3499984741211,0.0,229.81,2239.0
2024-01-19,310.0,392.0,55.0,0.16,0.2500075,False,247.3499984741211,96961.19940185547,0.16,62.72,0.0,2.0,236.81,0.0,1.0000000000000003e-05,True,247.3499984741211,0.0,236.81,392.0
2024-01-19,320.0,335.0,2.0,0.16,0.2500075,False,257.3499984741211,86212.24948883057,0.16,53.6,0.0,13.0,279.8,0.0,1.3087192767333982,True,257.3499984741211,0.0,279.8,335.0
2024-01-19,330.0,281.0,2.0,0.11,0.2500075,False,267.3499984741211,75125.34957122803,0.11,30.91,0.0,26.0,277.64,0.0,0.9223640576171875,True,267.3499984741211,0.0,277.64,281.0
2024-01-19,340.0,180.0,2.0,0.12,0.2500075,False,277.3499984741211,49922.9997253418,0.12,21.599999999999998,0.0,1.0,239.47,0.0,1.0000000000000003e-05,True,277.3499984741211,0.0,239.47,180.0
2024-01-19,350.0,317.0,120.0,0.07,0.2500075,False,287.3499984741211,91089.94951629639,0.07,22.19,0.0,1.0,299.71,0.0,1.0000000000000003e-05,True,287.3499984741211,0.0,299.71,317.0
2024-01-19,360.0,541.0,3.0,0.1,0.2500075,False,297.3499984741211,160866.3491744995,0.1,54.1,0.0,1.0,303.4,0.0,1.6651628070068363,True,297.3499984741211,0.0,303.4,541.0
2024-01-19,370.0,107.0,10.0,0.16,0.2500075,False,307.3499984741211,32886.44983673096,0.16,17.12,0.0,1.0,314.3,0.0,1.8367317733764645,True,307.3499984741211,0.0,314.3,107.0
2024-01-19,380.0,143.0,10.0,0.15,0.2500075,False,317.3499984741211,45381.04978179932,0.15,21.45,0.0,1.0,320.05,0.0,1.0000000000000003e-05,True,317.3499984741211,0.0,320.05,143.0
2024-01-19,390.0,428.0,1.0,0.14,0.500005,False,327.3499984741211,140105.79934692383,0.14,59.92000000000001,6.0,1.0,282.1,1692.6000000000001,1.0000000000000003e-05,True,327.3499984741211,1964.0999908447266,282.1,434.0
2024-01-19,400.0,1159.0,2.0,0.02,0.500005,False,337.3499984741211,390988.64823150635,0.02,23.18,0.0,2.0,318.17,0.0,1.0000000000000003e-05,True,337.3499984741211,0.0,318.17,1159.0
2024-01-19,410.0,155.0,20.0,0.06,0.500005,False,347.3499984741211,53839.24976348877,0.06,9.299999999999999,1.0,1.0,275.1,275.1,1.0000000000000003e-05,True,347.3499984741211,347.3499984741211,275.1,156.0
2024-01-19,420.0,283.0,10.0,0.06,0.500005,False,357.3499984741211,101130.04956817627,0.06,16.98,0.0,2.0,330.74,0.0,1.0000000000000003e-05,True,357.3499984741211,0.0,330.74,283.0
2024-01-19,430.0,457.0,2.0,0.04,0.500005,False,367.3499984741211,167878.94930267334,0.04,18.28,1.0,1.0,320.6,320.6,1.0000000000000003e-05,True,367.3499984741211,367.3499984741211,320.6,458.0
2024-01-19,440.0,143.0,1.0,0.06,0.500005,False,377.3499984741211,53961.04978179932,0.06,8.58,0.0,1.0,344.17,0.0,1.0000000000000003e-05,True,377.3499984741211,0.0,344.17,143.0
2024-01-19,450.0,293.0,3.0,0.04,0.500005,False,387.3499984741211,113493.54955291748,0.04,11.72,0.0,56.0,366.36,0.0,1.0000000000000003e-05,True,387.3499984741211,0.0,366.36,293.0
2024-01-19,460.0,31.0,2.0,0.03,0.6640658593750002,False,397.3499984741211,12317.849952697754,0.03,0.9299999999999999,,,,,,,,,,
2024-01-19,470.0,179.0,10.0,0.01,0.6679720703125002,False,407.3499984741211,72915.64972686768,0.01,1.79,1.0,1.0,192.0,192.0,1.0000000000000003e-05,True,407.3499984741211,407.3499984741211,192.0,180.0
2024-01-19,480.0,45.0,1.0,0.1,0.79687703125,False,417.3499984741211,18780.74993133545,0.1,4.5,1.0,2.0,398.33,398.33,1.0000000000000003e-05,True,417.3499984741211,417.3499984741211,398.33,46.0
2024-01-19,490.0,29.0,2.0,0.04,0.710940390625,False,427.3499984741211,12393.149955749512,0.04,1.16,0.0,1.0,391.0,0.0,1.0000000000000003e-05,True,427.3499984741211,0.0,391.0,29.0
2024-01-19,500.0,370.0,2.0,0.06,0.500005,False,437.3499984741211,161819.4994354248,0.06,22.2,0.0,2.0,441.6,0.0,1.0000000000000003e-05,True,437.3499984741211,0.0,441.6,370.0
2024-01-19,510.0,143.0,20.0,0.06,0.500005,False,447.3499984741211,63971.04978179932,0.06,8.58,0.0,4.0,442.5,0.0,1.481325835571289,True,447.3499984741211,0.0,442.5,143.0
2024-01-19,520.0,2785.0,1.0,0.05,0.500005,False,457.3499984741211,1273719.7457504272,0.05,139.25,0.0,2.0,444.7,0.0,1.0000000000000003e-05,True,457.3499984741211,0.0,444.7,2785.0
2024-06-21,20.0,12.0,,58.2,1.0000000000000003e-05,True,42.650001525878906,511.8000183105469,58.2,698.4000000000001,15.0,1.0,1.26,18.9,0.2500075,False,42.650001525878906,639.7500228881836,1.26,27.0
2024-06-21,22.5,2.0,2.0,56.15,1.0000000000000003e-05,True,40.150001525878906,80.30000305175781,56.15,112.3,5.0,4.0,1.0,5.0,0.2500075,False,40.150001525878906,200.75000762939453,1.0,7.0
2024-06-21,25.0,3.0,2.0,54.15,1.0000000000000003e-05,True,37.650001525878906,112.95000457763672,54.15,162.45,6.0,8.0,1.34,8.040000000000001,0.12500875,False,37.650001525878906,225.90000915527344,1.34,9.0
2024-06-21,30.0,3.0,4.0,50.3,1.0000000000000003e-05,True,32.650001525878906,97.95000457763672,50.3,150.89999999999998,37.0,3.0,2.22,82.14,0.12500875,False,32.650001525878906,1208.0500564575195,2.22,40.0
2024-06-21,35.0,11.0,2.0,46.7,1.0000000000000003e-05,True,27.650001525878906,304.15001678466797,46.7,513.7,414.0,4.0,3.45,1428.3000000000002,0.12500875,False,27.650001525878906,11447.100631713867,3.45,425.0
2024-06-21,40.0,32.0,1.0,31.3,1.0000000000000003e-05,True,22.650001525878906,724.800048828125,31.3,1001.6,47.0,2.0,6.25,293.75,0.062509375,False,22.650001525878906,1064.5500717163086,6.25,79.0
2024-06-21,45.0,8.0,3.0,25.76,1.0000000000000003e-05,True,17.650001525878906,141.20001220703125,25.76,206.08,436.0,2.0,7.55,3291.7999999999997,0.062509375,False,17.650001525878906,7695.400665283203,7.55,444.0
2024-06-21,50.0,35.0,3.0,35.6,1.0000000000000003e-05,True,12.650001525878906,442.7500534057617,35.6,1246.0,221.0,184.0,8.56,1891.7600000000002,0.062509375,False,12.650001525878906,2795.6503372192383,8.56,256.0
2024-06-21,55.0,23.0,2.0,28.9,1.0000000000000003e-05,True,7.650001525878906,175.95003509521484,28.9,664.6999999999999,73.0,29.0,12.76,931.48,0.0312596875,False,7.650001525878906,558.4501113891602,12.76,96.0
2024-06-21,60.0,39.0,4.0,24.11,1.0000000000000003e-05,True,2.6500015258789062,103.35005950927734,24.11,940.29,55.0,10.0,15.39,846.45,0.007822421875,False,2.6500015258789062,145.75008392333984,15.39,94.0
2024-06-21,65.0,32.0,2.0,19.3,0.007822421875,False,2.3499984741210938,75.199951171875,19.3,617.6,28.0,25.0,16.51,462.28000000000003,1.0000000000000003e-05,True,2.3499984741210938,65.79995727539062,16.51,60.0
2024-06-21,70.0,47.0,10.0,17.59,0.0312596875,False,7.349998474121094,345.4499282836914,17.59,826.73,6.0,4.0,17.05,102.30000000000001,1.0000000000000003e-05,True,7.349998474121094,44.09999084472656,17.05,53.0
2024-06-21,75.0,38.0,12.0,16.0,0.0312596875,False,12.349998474121094,469.29994201660156,16.0,608.0,101.0,1.0,23.9,2413.8999999999996,1.0000000000000003e-05,True,12.349998474121094,1247.3498458862305,23.9,139.0
2024-06-21,80.0,41.0,25.0,17.3,0.062509375,False,17.349998474121094,711.3499374389648,17.3,709.3000000000001,125.0,29.0,23.8,2975.0,1.0000000000000003e-05,True,17.349998474121094,2168.7498092651367,23.8,166.0
2024-06-21,85.0,28.0,2.0,15.94,0.062509375,False,22.349998474121094,625.7999572753906,15.94,446.32,41.0,23.0,27.0,1107.0,1.0000000000000003e-05,True,22.349998474121094,916.3499374389648,27.0,69.0
2024-06-21,90.0,48.0,1.0,13.3,0.062509375,False,27.349998474121094,1312.7999267578125,13.3,638.4000000000001,40.0,2.0,34.31,1372.4,1.0000000000000003e-05,True,27.349998474121094,1093.9999389648438,34.31,88.0
2024-06-21,95.0,14.0,1.0,12.68,0.062509375,False,32.349998474121094,452.8999786376953,12.68,177.51999999999998,12.0,5.0,38.01,456.12,1.0000000000000003e-05,True,32.349998474121094,388.1999816894531,38.01,26.0
2024-06-21,100.0,17.0,3.0,11.05,0.062509375,False,37.349998474121094,634.9499740600586,11.05,187.85000000000002,45.0,5.0,40.45,1820.2500000000002,1.0000000000000003e-05,True,37.349998474121094,1680.7499313354492,40.45,62.0
2025-01-17,20.0,42.0,4.0,57.5,1.0000000000000003e-05,True,42.650001525878906,1791.300064086914,57.5,2415.0,48.0,1.0,1.6,76.80000000000001,0.12500875,False,42.650001525878906,2047.2000732421875,1.6,90.0
2025-01-17,22.5,23.0,30.0,37.6,1.0000000000000003e-05,True,40.150001525878906,923.4500350952148,37.6,864.8000000000001,45.0,3.0,2.07,93.14999999999999,0.12500875,False,40.150001525878906,1806.7500686645508,2.07,68.0
2025-01-17,25.0,107.0,1.0,46.94,1.0000000000000003e-05,True,37.650001525878906,4028.550163269043,46.94,5022.58,87.0,2.0,2.85,247.95000000000002,0.12500875,False,37.650001525878906,3275.550132751465,2.85,194.0
2025-01-17,30.0,51.0,1.0,45.0,1.0000000000000003e-05,True,32.650001525878906,1665.1500778198242,45.0,2295.0,156.0,3.0,4.26,664.56,0.12500875,False,32.650001525878906,5093.400238037109,4.26,207.0
2025-01-17,35.0,61.0,1.0,37.51,1.0000000000000003e-05,True,27.650001525878906,1686.6500930786133,37.51,2288.1099999999997,256.0,2.0,5.45,1395.2,0.12500875,False,27.650001525878906,7078.400390625,5.45,317.0
2025-01-17,40.0,179.0,1.0,38.68,1.0000000000000003e-05,True,22.650001525878906,4054.350273132324,38.68,6923.72,247.0,15.0,7.99,1973.53,0.062509375,False,22.650001525878906,5594.55037689209,7.99,426.0
2025-01-17,45.0,65.0,1.0,31.55,1.0000000000000003e-05,True,17.650001525878906,1147.250099182129,31.55,2050.75,356.0,1.0,9.45,3364.2,0.062509375,False,17.650001525878906,6283.400543212891,9.45,421.0
2025-01-17,50.0,160.0,1.0,29.19,1.0000000000000003e-05,True,12.650001525878906,2024.000244140625,29.19,4670.400000000001,573.0,6.0,12.3,7047.900000000001,0.0312596875,False,12.650001525878906,7248.450874328613,12.3,733.0
2025-01-17,55.0,231.0,10.0,33.95,1.0000000000000003e-05,True,7.650001525878906,1767.1503524780273,33.95,7842.450000000001,322.0,3.0,13.4,4314.8,0.0312596875,False,7.650001525878906,2463.300491333008,13.4,553.0
2025-01-17,60.0,1895.0,5.0,25.02,1.0000000000000003e-05,True,2.6500015258789062,5021.752891540527,25.02,47412.9,230.0,2.0,17.26,3969.8,0.007822421875,False,2.6500015258789062,609.5003509521484,17.26,2125.0
2025-01-17,65.0,922.0,5.0,22.6,0.007822421875,False,2.3499984741210938,2166.6985931396484,22.6,20837.2,104.0,40.0,20.05,2085.2000000000003,1.0000000000000003e-05,True,2.3499984741210938,244.39984130859375,20.05,1026.0
2025-01-17,70.0,191.0,9.0,21.21,0.015634843750000002,False,7.349998474121094,1403.849708557129,21.21,4051.11,72.0,42.0,23.1,1663.2,1.0000000000000003e-05,True,7.349998474121094,529.1998901367188,23.1,263.0
2025-01-17,75.0,189.0,3.0,19.9,0.0312596875,False,12.349998474121094,2334.1497116088867,19.9,3761.1,4041.0,3.0,26.1,105470.1,1.0000000000000003e-05,True,12.349998474121094,49906.34383392334,26.1,4230.0
2025-01-17,80.0,148.0,1.0,18.45,0.0312596875,False,17.349998474121094,2567.799774169922,18.45,2730.6,49.0,1.0,26.2,1283.8,1.0000000000000003e-05,True,17.349998474121094,850.1499252319336,26.2,197.0
2025-01-17,85.0,53.0,1.0,18.16,0.062509375,False,22.349998474121094,1184.549919128418,18.16,962.48,133.0,1.0,30.7,4083.1,1.0000000000000003e-05,True,22.349998474121094,2972.5497970581055,30.7,186.0
2025-01-17,90.0,57.0,11.0,14.9,0.062509375,False,27.349998474121094,1558.9499130249023,14.9,849.3000000000001,24.0,1.0,36.7,880.8000000000001,1.0000000000000003e-05,True,27.349998474121094,656.3999633789062,36.7,81.0
2025-01-17,95.0,80.0,3.0,16.85,0.062509375,False,32.349998474121094,2587.9998779296875,16.85,1348.0,5.0,2.0,33.59,167.95000000000002,1.0000000000000003e-05,True,32.349998474121094,161.74999237060547,33.59,85.0
2025-01-17,100.0,244.0,2.0,14.6,0.062509375,False,37.349998474121094,9113.399627685547,14.6,3562.4,51.0,10.0,41.1,2096.1,1.0000000000000003e-05,True,37.349998474121094,1904.8499221801758,41.1,295.0
2025-01-17,105.0,492.0,23.0,11.9,0.062509375,False,42.349998474121094,20836.199249267578,11.9,5854.8,15.0,2.0,40.25,603.75,1.0000000000000003e-05,True,42.349998474121094,635.2499771118164,40.25,507.0
2025-01-17,110.0,914.0,18.0,10.8,0.062509375,False,47.349998474121094,43277.89860534668,10.8,9871.2,91.0,5.0,48.45,4408.95,1.0000000000000003e-05,True,47.349998474121094,4308.8498611450195,48.45,1005.0
