index,ProductSymbol,ExpDate,Strike,Call,Put
0,TSLA  ,2023-01-27,15.0,0,24
1,TSLA  ,2023-01-27,20.0,0,37
2,TSLA  ,2023-01-27,25.0,0,136
3,TSLA  ,2023-01-27,30.0,0,366
4,TSLA  ,2023-01-27,35.0,0,275
5,TSLA  ,2023-01-27,40.0,0,1829
6,TSLA  ,2023-01-27,45.0,0,126
7,TSLA  ,2023-01-27,50.0,0,2495
8,TSLA  ,2023-01-27,55.0,0,2886
9,TSLA  ,2023-01-27,60.0,0,3623
10,TSLA  ,2023-01-27,65.0,0,6221
11,TSLA  ,2023-01-27,70.0,0,14291
12,TSLA  ,2023-01-27,75.0,0,6915
13,TSLA  ,2023-01-27,80.0,0,12284
14,TSLA  ,2023-01-27,85.0,0,21621
15,TSLA  ,2023-01-27,86.0,0,2413
16,TSLA  ,2023-01-27,87.0,0,715
17,TSLA  ,2023-01-27,88.0,0,2305
18,TSLA  ,2023-01-27,89.0,0,2618
19,TSLA  ,2023-01-27,90.0,0,9526
20,TSLA  ,2023-01-27,91.0,0,3671
21,TSLA  ,2023-01-27,92.0,0,1098
22,TSLA  ,2023-01-27,93.0,0,647
23,TSLA  ,2023-01-27,94.0,0,1646
24,TSLA  ,2023-01-27,95.0,0,5719
25,TSLA  ,2023-01-27,96.0,0,555
26,TSLA  ,2023-01-27,97.0,0,1128
27,TSLA  ,2023-01-27,98.0,0,4962
28,TSLA  ,2023-01-27,99.0,0,2206
29,TSLA  ,2023-01-27,100.0,0,33987
30,TSLA  ,2023-01-27,101.0,0,1457
31,TSLA  ,2023-01-27,102.0,0,2011
32,TSLA  ,2023-01-27,103.0,0,2040
33,TSLA  ,2023-01-27,104.0,0,1735
34,TSLA  ,2023-01-27,105.0,0,9495
35,TSLA  ,2023-01-27,106.0,0,2417
36,TSLA  ,2023-01-27,107.0,0,3145
37,TSLA  ,2023-01-27,108.0,0,3435
38,TSLA  ,2023-01-27,109.0,0,2807
39,TSLA  ,2023-01-27,110.0,0,18655
40,TSLA  ,2023-01-27,111.0,0,3691
41,TSLA  ,2023-01-27,112.0,0,3945
42,TSLA  ,2023-01-27,113.0,0,3524
43,TSLA  ,2023-01-27,114.0,0,2767
44,TSLA  ,2023-01-27,115.0,0,11429
45,TSLA  ,2023-01-27,116.0,0,6191
46,TSLA  ,2023-01-27,117.0,0,3551
47,TSLA  ,2023-01-27,118.0,0,2491
48,TSLA  ,2023-01-27,119.0,0,3748
49,TSLA  ,2023-01-27,120.0,0,25892
50,TSLA  ,2023-01-27,121.0,0,4582
51,TSLA  ,2023-01-27,122.0,0,4129
52,TSLA  ,2023-01-27,123.0,0,4187
53,TSLA  ,2023-01-27,124.0,0,6486
54,TSLA  ,2023-01-27,125.0,0,21241
55,TSLA  ,2023-01-27,126.0,0,4159
56,TSLA  ,2023-01-27,127.0,0,8196
57,TSLA  ,2023-01-27,128.0,0,7613
58,TSLA  ,2023-01-27,129.0,0,4239
59,TSLA  ,2023-01-27,130.0,0,25879
60,TSLA  ,2023-01-27,131.0,0,10243
61,TSLA  ,2023-01-27,132.0,0,5869
62,TSLA  ,2023-01-27,133.0,0,3690
63,TSLA  ,2023-01-27,134.0,0,3546
64,TSLA  ,2023-01-27,135.0,0,13703
65,TSLA  ,2023-01-27,136.0,0,4921
66,TSLA  ,2023-01-27,137.0,0,4681
67,TSLA  ,2023-01-27,138.0,0,5572
68,TSLA  ,2023-01-27,139.0,0,3709
69,TSLA  ,2023-01-27,140.0,0,24209
70,TSLA  ,2023-01-27,141.0,0,5628
71,TSLA  ,2023-01-27,142.0,0,5773
72,TSLA  ,2023-01-27,143.0,0,7533
73,TSLA  ,2023-01-27,144.0,0,9961
74,TSLA  ,2023-01-27,145.0,0,25140
75,TSLA  ,2023-01-27,146.0,0,5651
76,TSLA  ,2023-01-27,147.0,0,5629
77,TSLA  ,2023-01-27,148.0,0,6018
78,TSLA  ,2023-01-27,149.0,0,5263
79,TSLA  ,2023-01-27,150.0,0,31240
80,TSLA  ,2023-01-27,152.5,0,14790
81,TSLA  ,2023-01-27,155.0,0,27650
82,TSLA  ,2023-01-27,157.5,0,14018
83,TSLA  ,2023-01-27,160.0,0,46566
84,TSLA  ,2023-01-27,162.5,0,19304
85,TSLA  ,2023-01-27,165.0,0,27418
86,TSLA  ,2023-01-27,167.5,0,18102
87,TSLA  ,2023-01-27,170.0,0,34540
88,TSLA  ,2023-01-27,172.5,0,15519
89,TSLA  ,2023-01-27,175.0,0,26447
90,TSLA  ,2023-01-27,177.5,84,13478
91,TSLA  ,2023-01-27,180.0,21222,0
92,TSLA  ,2023-01-27,182.5,9199,0
93,TSLA  ,2023-01-27,185.0,16662,0
94,TSLA  ,2023-01-27,190.0,16465,0
95,TSLA  ,2023-01-27,195.0,19256,0
96,TSLA  ,2023-01-27,200.0,27628,0
97,TSLA  ,2023-01-27,205.0,10446,0
98,TSLA  ,2023-01-27,210.0,8406,0
99,TSLA  ,2023-01-27,215.0,7965,0
100,TSLA  ,2023-01-27,220.0,2932,0
101,TSLA  ,2023-01-27,225.0,4891,0
102,TSLA  ,2023-01-27,230.0,3662,0
103,TSLA  ,2023-01-27,235.0,4041,0
104,TSLA  ,2023-01-27,240.0,3715,0
105,TSLA  ,2023-01-27,245.0,2888,0
106,TSLA  ,2023-01-27,250.0,16456,0
107,TSLA  ,2023-01-27,255.0,790,0
108,TSLA  ,2023-01-27,260.0,447,0
109,TSLA  ,2023-01-27,265.0,464,0
110,TSLA  ,2023-01-27,270.0,974,0
111,TSLA  ,2023-01-27,275.0,180,0
112,TSLA  ,2023-01-27,280.0,482,0
113,TSLA  ,2023-01-27,285.0,266,0
114,TSLA  ,2023-01-27,290.0,282,0
115,TSLA  ,2023-01-27,295.0,63,0
116,TSLA  ,2023-01-27,300.0,1216,0
117,TSLA  ,2023-01-27,305.0,29,0
118,TSLA  ,2023-01-27,310.0,150,0
119,TSLA  ,2023-01-27,315.0,90,0
120,TSLA  ,2023-01-27,320.0,66,0
121,TSLA  ,2023-01-27,325.0,51,0
122,TSLA  ,2023-01-27,330.0,13,0
123,TSLA  ,2023-01-27,335.0,17,0
124,TSLA  ,2023-01-27,340.0,267,0
125,TSLA  ,2023-01-27,345.0,427,0
126,TSLA  ,2023-01-27,350.0,1484,0
127,TSLA  ,2023-02-03,15.0,25,306
128,TSLA  ,2023-02-03,20.0,0,600
129,TSLA  ,2023-02-03,25.0,40,93
130,TSLA  ,2023-02-03,30.0,0,378
131,TSLA  ,2023-02-03,35.0,2,1617
132,TSLA  ,2023-02-03,40.0,0,415
133,TSLA  ,2023-02-03,45.0,0,1879
134,TSLA  ,2023-02-03,50.0,126,3235
135,TSLA  ,2023-02-03,55.0,28,1059
136,TSLA  ,2023-02-03,60.0,13,4421
137,TSLA  ,2023-02-03,65.0,10,1504
138,TSLA  ,2023-02-03,70.0,70,4083
139,TSLA  ,2023-02-03,75.0,21,3395
140,TSLA  ,2023-02-03,80.0,49,5857
141,TSLA  ,2023-02-03,85.0,142,14042
142,TSLA  ,2023-02-03,86.0,23,3732
143,TSLA  ,2023-02-03,87.0,24,545
144,TSLA  ,2023-02-03,88.0,47,10432
145,TSLA  ,2023-02-03,89.0,26,5620
146,TSLA  ,2023-02-03,90.0,123,7950
147,TSLA  ,2023-02-03,91.0,22,103
148,TSLA  ,2023-02-03,92.0,27,101
149,TSLA  ,2023-02-03,93.0,43,1595
150,TSLA  ,2023-02-03,94.0,20,1384
151,TSLA  ,2023-02-03,95.0,35,2040
152,TSLA  ,2023-02-03,96.0,32,1757
153,TSLA  ,2023-02-03,97.0,31,899
154,TSLA  ,2023-02-03,98.0,13,612
155,TSLA  ,2023-02-03,99.0,22,1285
156,TSLA  ,2023-02-03,100.0,548,7758
157,TSLA  ,2023-02-03,101.0,25,693
158,TSLA  ,2023-02-03,102.0,38,1591
159,TSLA  ,2023-02-03,103.0,62,614
160,TSLA  ,2023-02-03,104.0,204,1199
161,TSLA  ,2023-02-03,105.0,588,3054
162,TSLA  ,2023-02-03,106.0,105,1224
163,TSLA  ,2023-02-03,107.0,129,1677
164,TSLA  ,2023-02-03,108.0,125,1665
165,TSLA  ,2023-02-03,109.0,215,1515
166,TSLA  ,2023-02-03,110.0,1447,11279
167,TSLA  ,2023-02-03,111.0,209,2228
168,TSLA  ,2023-02-03,112.0,296,2245
169,TSLA  ,2023-02-03,113.0,435,3092
170,TSLA  ,2023-02-03,114.0,446,1650
171,TSLA  ,2023-02-03,115.0,1218,5786
172,TSLA  ,2023-02-03,116.0,523,3706
173,TSLA  ,2023-02-03,117.0,230,2957
174,TSLA  ,2023-02-03,118.0,256,1675
175,TSLA  ,2023-02-03,119.0,361,1090
176,TSLA  ,2023-02-03,120.0,2097,13007
177,TSLA  ,2023-02-03,121.0,257,2099
178,TSLA  ,2023-02-03,122.0,629,2536
179,TSLA  ,2023-02-03,123.0,1023,4148
180,TSLA  ,2023-02-03,124.0,773,4143
181,TSLA  ,2023-02-03,125.0,1351,9256
182,TSLA  ,2023-02-03,126.0,613,2240
183,TSLA  ,2023-02-03,127.0,565,3332
184,TSLA  ,2023-02-03,128.0,642,4066
185,TSLA  ,2023-02-03,129.0,1645,8034
186,TSLA  ,2023-02-03,130.0,8196,19053
187,TSLA  ,2023-02-03,131.0,1378,2459
188,TSLA  ,2023-02-03,132.0,1152,3558
189,TSLA  ,2023-02-03,133.0,1034,3753
190,TSLA  ,2023-02-03,134.0,1866,3827
191,TSLA  ,2023-02-03,135.0,2905,5326
192,TSLA  ,2023-02-03,136.0,644,2450
193,TSLA  ,2023-02-03,137.0,752,3293
194,TSLA  ,2023-02-03,138.0,931,2783
195,TSLA  ,2023-02-03,139.0,907,2903
196,TSLA  ,2023-02-03,140.0,4425,11713
197,TSLA  ,2023-02-03,141.0,1080,1874
198,TSLA  ,2023-02-03,142.0,1071,3437
199,TSLA  ,2023-02-03,143.0,1801,2085
200,TSLA  ,2023-02-03,144.0,1976,3119
201,TSLA  ,2023-02-03,145.0,9410,8897
202,TSLA  ,2023-02-03,146.0,1192,1949
203,TSLA  ,2023-02-03,147.0,1031,1693
204,TSLA  ,2023-02-03,148.0,970,2063
205,TSLA  ,2023-02-03,149.0,905,3087
206,TSLA  ,2023-02-03,150.0,10882,15810
207,TSLA  ,2023-02-03,152.5,1645,3523
208,TSLA  ,2023-02-03,155.0,11700,11701
209,TSLA  ,2023-02-03,157.5,3844,6563
210,TSLA  ,2023-02-03,160.0,12042,15186
211,TSLA  ,2023-02-03,162.5,2243,4731
212,TSLA  ,2023-02-03,165.0,9504,16109
213,TSLA  ,2023-02-03,167.5,2972,4200
214,TSLA  ,2023-02-03,170.0,22678,8751
215,TSLA  ,2023-02-03,172.5,4761,2512
216,TSLA  ,2023-02-03,175.0,16519,9046
217,TSLA  ,2023-02-03,177.5,7610,2612
218,TSLA  ,2023-02-03,180.0,21620,7261
219,TSLA  ,2023-02-03,182.5,3887,1060
220,TSLA  ,2023-02-03,185.0,11675,2227
221,TSLA  ,2023-02-03,187.5,2499,457
222,TSLA  ,2023-02-03,190.0,8762,1165
223,TSLA  ,2023-02-03,192.5,1996,3637
224,TSLA  ,2023-02-03,195.0,6990,3496
225,TSLA  ,2023-02-03,197.5,2417,1614
226,TSLA  ,2023-02-03,200.0,28493,2500
227,TSLA  ,2023-02-03,202.5,4262,170
228,TSLA  ,2023-02-03,205.0,6234,748
229,TSLA  ,2023-02-03,207.5,2851,179
230,TSLA  ,2023-02-03,210.0,10021,263
231,TSLA  ,2023-02-03,215.0,8920,121
232,TSLA  ,2023-02-03,220.0,12066,182
233,TSLA  ,2023-02-03,225.0,6983,115
234,TSLA  ,2023-02-03,230.0,5633,108
235,TSLA  ,2023-02-03,235.0,4258,51
236,TSLA  ,2023-02-03,240.0,6965,139
237,TSLA  ,2023-02-03,245.0,3134,144
238,TSLA  ,2023-02-03,250.0,5853,96
239,TSLA  ,2023-02-03,255.0,4911,108
240,TSLA  ,2023-02-03,260.0,12372,104
241,TSLA  ,2023-02-03,265.0,17504,124
242,TSLA  ,2023-02-03,270.0,13295,91
243,TSLA  ,2023-02-03,275.0,8398,69
244,TSLA  ,2023-02-03,280.0,5462,69
245,TSLA  ,2023-02-03,285.0,5172,38
246,TSLA  ,2023-02-03,290.0,3763,10
247,TSLA  ,2023-02-10,15.0,0,120
248,TSLA  ,2023-02-10,20.0,2,1
249,TSLA  ,2023-02-10,25.0,0,250
250,TSLA  ,2023-02-10,30.0,2,1498
251,TSLA  ,2023-02-10,35.0,2,1461
252,TSLA  ,2023-02-10,40.0,1,934
253,TSLA  ,2023-02-10,45.0,0,1867
254,TSLA  ,2023-02-10,50.0,5,2204
255,TSLA  ,2023-02-10,55.0,3,1158
256,TSLA  ,2023-02-10,60.0,1,2390
257,TSLA  ,2023-02-10,65.0,4,717
258,TSLA  ,2023-02-10,70.0,13,1469
259,TSLA  ,2023-02-10,75.0,4,666
260,TSLA  ,2023-02-10,80.0,68,1427
261,TSLA  ,2023-02-10,85.0,7,1005
262,TSLA  ,2023-02-10,90.0,65,1547
263,TSLA  ,2023-02-10,95.0,17,965
264,TSLA  ,2023-02-10,98.0,0,483
265,TSLA  ,2023-02-10,99.0,5,555
266,TSLA  ,2023-02-10,100.0,94,2922
267,TSLA  ,2023-02-10,101.0,32,293
268,TSLA  ,2023-02-10,102.0,14,359
269,TSLA  ,2023-02-10,103.0,9,249
270,TSLA  ,2023-02-10,104.0,36,262
271,TSLA  ,2023-02-10,105.0,145,1202
272,TSLA  ,2023-02-10,106.0,42,707
273,TSLA  ,2023-02-10,107.0,25,446
274,TSLA  ,2023-02-10,108.0,68,533
275,TSLA  ,2023-02-10,109.0,73,408
276,TSLA  ,2023-02-10,110.0,537,2138
277,TSLA  ,2023-02-10,111.0,99,313
278,TSLA  ,2023-02-10,112.0,42,273
279,TSLA  ,2023-02-10,113.0,123,605
280,TSLA  ,2023-02-10,114.0,127,5988
281,TSLA  ,2023-02-10,115.0,357,1459
282,TSLA  ,2023-02-10,116.0,119,491
283,TSLA  ,2023-02-10,117.0,154,373
284,TSLA  ,2023-02-10,118.0,124,914
285,TSLA  ,2023-02-10,119.0,157,359
286,TSLA  ,2023-02-10,120.0,810,3737
287,TSLA  ,2023-02-10,121.0,256,570
288,TSLA  ,2023-02-10,122.0,687,765
289,TSLA  ,2023-02-10,123.0,241,584
290,TSLA  ,2023-02-10,124.0,356,704
291,TSLA  ,2023-02-10,125.0,892,2421
292,TSLA  ,2023-02-10,126.0,281,1171
293,TSLA  ,2023-02-10,127.0,342,412
294,TSLA  ,2023-02-10,128.0,1215,482
295,TSLA  ,2023-02-10,129.0,654,2402
296,TSLA  ,2023-02-10,130.0,1546,3900
297,TSLA  ,2023-02-10,131.0,548,1625
298,TSLA  ,2023-02-10,132.0,660,1123
299,TSLA  ,2023-02-10,133.0,743,381
300,TSLA  ,2023-02-10,134.0,314,1242
301,TSLA  ,2023-02-10,135.0,1634,2609
302,TSLA  ,2023-02-10,136.0,377,541
303,TSLA  ,2023-02-10,137.0,560,1540
304,TSLA  ,2023-02-10,138.0,338,2586
305,TSLA  ,2023-02-10,139.0,874,2358
306,TSLA  ,2023-02-10,140.0,2760,4502
307,TSLA  ,2023-02-10,141.0,680,650
308,TSLA  ,2023-02-10,142.0,1152,1892
309,TSLA  ,2023-02-10,143.0,508,260
310,TSLA  ,2023-02-10,144.0,323,827
311,TSLA  ,2023-02-10,145.0,2000,2035
312,TSLA  ,2023-02-10,146.0,827,460
313,TSLA  ,2023-02-10,147.0,951,524
314,TSLA  ,2023-02-10,148.0,384,737
315,TSLA  ,2023-02-10,149.0,137,700
316,TSLA  ,2023-02-10,150.0,3802,6028
317,TSLA  ,2023-02-10,152.5,616,1424
318,TSLA  ,2023-02-10,155.0,3691,2297
319,TSLA  ,2023-02-10,157.5,746,1300
320,TSLA  ,2023-02-10,160.0,3288,2556
321,TSLA  ,2023-02-10,162.5,533,532
322,TSLA  ,2023-02-10,165.0,2846,6351
323,TSLA  ,2023-02-10,167.5,757,785
324,TSLA  ,2023-02-10,170.0,2818,1453
325,TSLA  ,2023-02-10,172.5,570,556
326,TSLA  ,2023-02-10,175.0,3108,1181
327,TSLA  ,2023-02-10,177.5,733,911
328,TSLA  ,2023-02-10,180.0,4559,1050
329,TSLA  ,2023-02-10,182.5,517,339
330,TSLA  ,2023-02-10,185.0,5686,447
331,TSLA  ,2023-02-10,187.5,736,181
332,TSLA  ,2023-02-10,190.0,3088,44
333,TSLA  ,2023-02-10,192.5,337,95
334,TSLA  ,2023-02-10,195.0,2522,26
335,TSLA  ,2023-02-10,197.5,337,16
336,TSLA  ,2023-02-10,200.0,6257,488
337,TSLA  ,2023-02-10,205.0,2467,45
338,TSLA  ,2023-02-10,210.0,1325,104
339,TSLA  ,2023-02-10,215.0,2651,2
340,TSLA  ,2023-02-10,220.0,1606,45
341,TSLA  ,2023-02-10,225.0,1419,7
342,TSLA  ,2023-02-10,230.0,1827,3
343,TSLA  ,2023-02-10,235.0,1978,5
344,TSLA  ,2023-02-10,240.0,2772,2
345,TSLA  ,2023-02-10,245.0,1267,6
346,TSLA  ,2023-02-10,250.0,2100,6
347,TSLA  ,2023-02-10,255.0,1109,0
348,TSLA  ,2023-02-10,260.0,219,2
349,TSLA  ,2023-02-10,265.0,1266,1
350,TSLA  ,2023-02-10,270.0,897,1
351,TSLA  ,2023-02-10,275.0,234,20
352,TSLA  ,2023-02-10,280.0,281,4
353,TSLA  ,2023-02-10,285.0,278,0
354,TSLA  ,2023-02-10,290.0,2707,7
355,TSLA  ,2023-02-17,15.0,64,304
356,TSLA  ,2023-02-17,20.0,34,41
357,TSLA  ,2023-02-17,25.0,2,99
358,TSLA  ,2023-02-17,30.0,71,2723
359,TSLA  ,2023-02-17,35.0,0,5413
360,TSLA  ,2023-02-17,40.0,85,10374
361,TSLA  ,2023-02-17,45.0,0,1739
362,TSLA  ,2023-02-17,50.0,948,17125
363,TSLA  ,2023-02-17,55.0,41,5454
364,TSLA  ,2023-02-17,60.0,495,9258
365,TSLA  ,2023-02-17,65.0,28,6286
366,TSLA  ,2023-02-17,70.0,78,50934
367,TSLA  ,2023-02-17,75.0,105,7887
368,TSLA  ,2023-02-17,80.0,208,22563
369,TSLA  ,2023-02-17,85.0,224,11741
370,TSLA  ,2023-02-17,90.0,290,16449
371,TSLA  ,2023-02-17,95.0,871,18059
372,TSLA  ,2023-02-17,100.0,3563,49243
373,TSLA  ,2023-02-17,105.0,20778,29321
374,TSLA  ,2023-02-17,110.0,3543,27076
375,TSLA  ,2023-02-17,115.0,16183,23755
376,TSLA  ,2023-02-17,118.0,109,493
377,TSLA  ,2023-02-17,119.0,13,554
378,TSLA  ,2023-02-17,120.0,26868,49622
379,TSLA  ,2023-02-17,121.0,28,695
380,TSLA  ,2023-02-17,122.0,185,1129
381,TSLA  ,2023-02-17,123.0,92,1090
382,TSLA  ,2023-02-17,124.0,31,588
383,TSLA  ,2023-02-17,125.0,12756,13507
384,TSLA  ,2023-02-17,126.0,58,1113
385,TSLA  ,2023-02-17,127.0,41,456
386,TSLA  ,2023-02-17,128.0,35,3031
387,TSLA  ,2023-02-17,129.0,83,840
388,TSLA  ,2023-02-17,130.0,13931,15470
389,TSLA  ,2023-02-17,131.0,126,1517
390,TSLA  ,2023-02-17,132.0,237,1445
391,TSLA  ,2023-02-17,133.0,74,1034
392,TSLA  ,2023-02-17,134.0,345,665
393,TSLA  ,2023-02-17,135.0,8211,11723
394,TSLA  ,2023-02-17,136.0,1399,816
395,TSLA  ,2023-02-17,137.0,876,1265
396,TSLA  ,2023-02-17,138.0,679,1241
397,TSLA  ,2023-02-17,139.0,900,1061
398,TSLA  ,2023-02-17,140.0,8962,16447
399,TSLA  ,2023-02-17,141.0,347,1146
400,TSLA  ,2023-02-17,142.0,963,1863
401,TSLA  ,2023-02-17,143.0,299,557
402,TSLA  ,2023-02-17,144.0,302,884
403,TSLA  ,2023-02-17,145.0,12124,19369
404,TSLA  ,2023-02-17,146.0,1769,635
405,TSLA  ,2023-02-17,147.0,488,3607
406,TSLA  ,2023-02-17,148.0,265,1570
407,TSLA  ,2023-02-17,149.0,458,1231
408,TSLA  ,2023-02-17,150.0,14587,18267
409,TSLA  ,2023-02-17,152.5,958,2041
410,TSLA  ,2023-02-17,155.0,10394,6108
411,TSLA  ,2023-02-17,157.5,1677,2101
412,TSLA  ,2023-02-17,160.0,29986,12626
413,TSLA  ,2023-02-17,162.5,1261,3022
414,TSLA  ,2023-02-17,165.0,12561,11408
415,TSLA  ,2023-02-17,167.5,1001,1269
416,TSLA  ,2023-02-17,170.0,16319,10630
417,TSLA  ,2023-02-17,172.5,577,944
418,TSLA  ,2023-02-17,175.0,10220,5280
419,TSLA  ,2023-02-17,177.5,1372,1004
420,TSLA  ,2023-02-17,180.0,13905,8657
421,TSLA  ,2023-02-17,182.5,4202,474
422,TSLA  ,2023-02-17,185.0,14212,4437
423,TSLA  ,2023-02-17,187.5,1120,139
424,TSLA  ,2023-02-17,190.0,7543,3348
425,TSLA  ,2023-02-17,192.5,735,78
426,TSLA  ,2023-02-17,195.0,7010,4072
427,TSLA  ,2023-02-17,197.5,922,22
428,TSLA  ,2023-02-17,200.0,24987,2017
429,TSLA  ,2023-02-17,205.0,4945,1230
430,TSLA  ,2023-02-17,210.0,4939,97
431,TSLA  ,2023-02-17,215.0,19542,1206
432,TSLA  ,2023-02-17,220.0,26518,105
433,TSLA  ,2023-02-17,225.0,7147,78
434,TSLA  ,2023-02-17,230.0,5840,220
435,TSLA  ,2023-02-17,235.0,4439,25
436,TSLA  ,2023-02-17,240.0,5485,10
437,TSLA  ,2023-02-17,245.0,1635,24
438,TSLA  ,2023-02-17,250.0,6278,55
439,TSLA  ,2023-02-17,255.0,5539,19
440,TSLA  ,2023-02-17,260.0,3359,104
441,TSLA  ,2023-02-17,265.0,981,52
442,TSLA  ,2023-02-17,270.0,4261,37
443,TSLA  ,2023-02-17,275.0,3551,0
444,TSLA  ,2023-02-17,280.0,5050,12
445,TSLA  ,2023-02-17,285.0,1796,0
446,TSLA  ,2023-02-17,290.0,2085,6
447,TSLA  ,2023-02-17,295.0,895,0
448,TSLA  ,2023-02-17,300.0,6635,11
449,TSLA  ,2023-02-17,305.0,694,20
450,TSLA  ,2023-02-17,310.0,838,0
451,TSLA  ,2023-02-17,315.0,689,0
452,TSLA  ,2023-02-17,320.0,7379,1
453,TSLA  ,2023-02-17,325.0,1039,0
454,TSLA  ,2023-02-17,330.0,818,0
455,TSLA  ,2023-02-17,335.0,613,0
456,TSLA  ,2023-02-17,340.0,2006,0
457,TSLA  ,2023-02-17,345.0,923,0
458,TSLA  ,2023-02-17,350.0,2948,0
459,TSLA  ,2023-02-17,355.0,580,0
460,TSLA  ,2023-02-17,360.0,1072,0
461,TSLA  ,2023-02-17,365.0,1097,0
462,TSLA  ,2023-02-17,370.0,889,0
463,TSLA  ,2023-02-17,375.0,1749,0
464,TSLA  ,2023-02-17,380.0,1777,0
465,TSLA  ,2023-02-17,385.0,847,0
466,TSLA  ,2023-02-17,390.0,921,0
467,TSLA  ,2023-02-17,395.0,1341,0
468,TSLA  ,2023-02-17,400.0,2942,0
469,TSLA  ,2023-02-17,405.0,194,0
470,TSLA  ,2023-02-17,410.0,344,0
471,TSLA  ,2023-02-17,415.0,579,0
472,TSLA  ,2023-02-17,420.0,508,0
473,TSLA  ,2023-02-17,425.0,415,0
474,TSLA  ,2023-02-17,430.0,332,0
475,TSLA  ,2023-02-17,435.0,286,0
476,TSLA  ,2023-02-17,440.0,745,0
477,TSLA  ,2023-02-17,445.0,114,0
478,TSLA  ,2023-02-17,450.0,682,0
479,TSLA  ,2023-02-17,455.0,1516,0
480,TSLA  ,2023-02-17,460.0,206,0
481,TSLA  ,2023-02-17,465.0,1034,0
482,TSLA  ,2023-02-17,470.0,1230,0
483,TSLA  ,2023-02-17,475.0,220,0
484,TSLA  ,2023-02-17,480.0,117,0
485,TSLA  ,2023-02-17,485.0,600,0
486,TSLA  ,2023-02-17,490.0,164,0
487,TSLA  ,2023-02-17,495.0,146,0
488,TSLA  ,2023-02-17,500.0,1018,0
489,TSLA  ,2023-02-17,505.0,272,0
490,TSLA  ,2023-02-17,510.0,347,0
491,TSLA  ,2023-02-17,515.0,57,0
492,TSLA  ,2023-02-17,520.0,324,0
493,TSLA  ,2023-02-17,525.0,148,0
494,TSLA  ,2023-02-17,530.0,174,0
495,TSLA  ,2023-02-17,535.0,171,0
496,TSLA  ,2023-02-17,540.0,117,0
497,TSLA  ,2023-02-17,545.0,105,0
498,TSLA  ,2023-02-17,550.0,751,0
499,TSLA  ,2023-02-17,555.0,349,0
500,TSLA  ,2023-02-17,560.0,445,0
501,TSLA  ,2023-02-17,565.0,630,0
502,TSLA  ,2023-02-17,570.0,272,0
503,TSLA  ,2023-02-17,575.0,278,0
504,TSLA  ,2023-02-17,580.0,586,0
505,TSLA  ,2023-02-17,585.0,565,0
506,TSLA  ,2023-02-17,590.0,272,0
507,TSLA  ,2023-02-17,595.0,1229,0
508,TSLA  ,2023-02-17,600.0,1675,0
509,TSLA  ,2023-02-24,15.0,4,9
510,TSLA  ,2023-02-24,20.0,3,1
511,TSLA  ,2023-02-24,25.0,3,3
512,TSLA  ,2023-02-24,30.0,3,748
513,TSLA  ,2023-02-24,35.0,0,20
514,TSLA  ,2023-02-24,40.0,0,439
515,TSLA  ,2023-02-24,45.0,0,1786
516,TSLA  ,2023-02-24,50.0,0,1904
517,TSLA  ,2023-02-24,55.0,2,813
518,TSLA  ,2023-02-24,60.0,11,1333
519,TSLA  ,2023-02-24,65.0,6,447
520,TSLA  ,2023-02-24,70.0,6,380
521,TSLA  ,2023-02-24,75.0,1,777
522,TSLA  ,2023-02-24,80.0,7,849
523,TSLA  ,2023-02-24,85.0,1,711
524,TSLA  ,2023-02-24,90.0,44,1412
525,TSLA  ,2023-02-24,95.0,15,1899
526,TSLA  ,2023-02-24,98.0,15,363
527,TSLA  ,2023-02-24,99.0,0,687
528,TSLA  ,2023-02-24,100.0,61,2060
529,TSLA  ,2023-02-24,101.0,14,446
530,TSLA  ,2023-02-24,102.0,13,304
531,TSLA  ,2023-02-24,103.0,6,130
532,TSLA  ,2023-02-24,104.0,13,135
533,TSLA  ,2023-02-24,105.0,51,1712
534,TSLA  ,2023-02-24,106.0,6,509
535,TSLA  ,2023-02-24,107.0,8,559
536,TSLA  ,2023-02-24,108.0,14,360
537,TSLA  ,2023-02-24,109.0,9,232
538,TSLA  ,2023-02-24,110.0,319,1391
539,TSLA  ,2023-02-24,111.0,42,462
540,TSLA  ,2023-02-24,112.0,59,394
541,TSLA  ,2023-02-24,113.0,52,534
542,TSLA  ,2023-02-24,114.0,391,725
543,TSLA  ,2023-02-24,115.0,356,905
544,TSLA  ,2023-02-24,116.0,290,477
545,TSLA  ,2023-02-24,117.0,277,279
546,TSLA  ,2023-02-24,118.0,190,549
547,TSLA  ,2023-02-24,119.0,258,596
548,TSLA  ,2023-02-24,120.0,466,2809
549,TSLA  ,2023-02-24,121.0,316,568
550,TSLA  ,2023-02-24,122.0,349,2339
551,TSLA  ,2023-02-24,123.0,389,530
552,TSLA  ,2023-02-24,124.0,167,246
553,TSLA  ,2023-02-24,125.0,552,1902
554,TSLA  ,2023-02-24,126.0,171,502
555,TSLA  ,2023-02-24,127.0,87,422
556,TSLA  ,2023-02-24,128.0,171,1424
557,TSLA  ,2023-02-24,129.0,237,991
558,TSLA  ,2023-02-24,130.0,2674,2406
559,TSLA  ,2023-02-24,131.0,388,165
560,TSLA  ,2023-02-24,132.0,259,706
561,TSLA  ,2023-02-24,133.0,191,235
562,TSLA  ,2023-02-24,134.0,279,578
563,TSLA  ,2023-02-24,135.0,1959,1429
564,TSLA  ,2023-02-24,136.0,81,345
565,TSLA  ,2023-02-24,137.0,66,316
566,TSLA  ,2023-02-24,138.0,57,293
567,TSLA  ,2023-02-24,139.0,261,191
568,TSLA  ,2023-02-24,140.0,2383,1412
569,TSLA  ,2023-02-24,141.0,357,429
570,TSLA  ,2023-02-24,142.0,411,541
571,TSLA  ,2023-02-24,143.0,14,53
572,TSLA  ,2023-02-24,144.0,19,193
573,TSLA  ,2023-02-24,145.0,1704,3003
574,TSLA  ,2023-02-24,146.0,27,371
575,TSLA  ,2023-02-24,147.0,31,85
576,TSLA  ,2023-02-24,148.0,124,87
577,TSLA  ,2023-02-24,149.0,19,416
578,TSLA  ,2023-02-24,150.0,2604,1808
579,TSLA  ,2023-02-24,152.5,43,348
580,TSLA  ,2023-02-24,155.0,1663,1481
581,TSLA  ,2023-02-24,157.5,632,288
582,TSLA  ,2023-02-24,160.0,3035,2235
583,TSLA  ,2023-02-24,162.5,402,142
584,TSLA  ,2023-02-24,165.0,2741,503
585,TSLA  ,2023-02-24,167.5,705,215
586,TSLA  ,2023-02-24,170.0,1813,774
587,TSLA  ,2023-02-24,172.5,338,211
588,TSLA  ,2023-02-24,175.0,2179,271
589,TSLA  ,2023-02-24,177.5,360,455
590,TSLA  ,2023-02-24,180.0,2512,492
591,TSLA  ,2023-02-24,182.5,484,60
592,TSLA  ,2023-02-24,185.0,1173,40
593,TSLA  ,2023-02-24,187.5,335,37
594,TSLA  ,2023-02-24,190.0,1021,28
595,TSLA  ,2023-02-24,192.5,503,1
596,TSLA  ,2023-02-24,195.0,891,35
597,TSLA  ,2023-02-24,197.5,246,42
598,TSLA  ,2023-02-24,200.0,6592,47
599,TSLA  ,2023-02-24,205.0,931,19
600,TSLA  ,2023-02-24,210.0,934,7
601,TSLA  ,2023-02-24,215.0,435,3
602,TSLA  ,2023-02-24,220.0,984,5
603,TSLA  ,2023-02-24,225.0,605,5
604,TSLA  ,2023-02-24,230.0,304,6
605,TSLA  ,2023-02-24,235.0,369,19
606,TSLA  ,2023-02-24,240.0,590,2
607,TSLA  ,2023-02-24,245.0,1492,0
608,TSLA  ,2023-02-24,250.0,445,6
609,TSLA  ,2023-02-24,255.0,270,0
610,TSLA  ,2023-02-24,260.0,68,0
611,TSLA  ,2023-02-24,265.0,67,0
612,TSLA  ,2023-02-24,270.0,51,0
613,TSLA  ,2023-02-24,275.0,818,0
614,TSLA  ,2023-02-24,280.0,242,0
615,TSLA  ,2023-02-24,285.0,88,0
616,TSLA  ,2023-02-24,290.0,577,3
617,TSLA  ,2023-03-03,15.0,8,20
618,TSLA  ,2023-03-03,20.0,0,0
619,TSLA  ,2023-03-03,25.0,1,47
620,TSLA  ,2023-03-03,30.0,3,260
621,TSLA  ,2023-03-03,35.0,3,0
622,TSLA  ,2023-03-03,40.0,0,0
623,TSLA  ,2023-03-03,45.0,0,2405
624,TSLA  ,2023-03-03,50.0,1,780
625,TSLA  ,2023-03-03,55.0,0,40
626,TSLA  ,2023-03-03,60.0,9,1038
627,TSLA  ,2023-03-03,65.0,1,44
628,TSLA  ,2023-03-03,70.0,1,432
629,TSLA  ,2023-03-03,75.0,0,216
630,TSLA  ,2023-03-03,80.0,110,283
631,TSLA  ,2023-03-03,85.0,4,247
632,TSLA  ,2023-03-03,90.0,7,280
633,TSLA  ,2023-03-03,95.0,6,1784
634,TSLA  ,2023-03-03,100.0,39,1627
635,TSLA  ,2023-03-03,105.0,19,224
636,TSLA  ,2023-03-03,108.0,58,284
637,TSLA  ,2023-03-03,109.0,34,324
638,TSLA  ,2023-03-03,110.0,56,2265
639,TSLA  ,2023-03-03,111.0,2,573
640,TSLA  ,2023-03-03,112.0,39,676
641,TSLA  ,2023-03-03,113.0,27,512
642,TSLA  ,2023-03-03,114.0,155,379
643,TSLA  ,2023-03-03,115.0,166,590
644,TSLA  ,2023-03-03,116.0,158,276
645,TSLA  ,2023-03-03,117.0,471,723
646,TSLA  ,2023-03-03,118.0,303,249
647,TSLA  ,2023-03-03,119.0,306,395
648,TSLA  ,2023-03-03,120.0,801,1268
649,TSLA  ,2023-03-03,121.0,132,485
650,TSLA  ,2023-03-03,122.0,114,707
651,TSLA  ,2023-03-03,123.0,264,656
652,TSLA  ,2023-03-03,124.0,434,412
653,TSLA  ,2023-03-03,125.0,288,520
654,TSLA  ,2023-03-03,126.0,659,300
655,TSLA  ,2023-03-03,127.0,427,265
656,TSLA  ,2023-03-03,128.0,448,890
657,TSLA  ,2023-03-03,129.0,648,537
658,TSLA  ,2023-03-03,130.0,680,1074
659,TSLA  ,2023-03-03,131.0,303,681
660,TSLA  ,2023-03-03,132.0,832,181
661,TSLA  ,2023-03-03,133.0,536,79
662,TSLA  ,2023-03-03,134.0,567,200
663,TSLA  ,2023-03-03,135.0,891,773
664,TSLA  ,2023-03-03,136.0,92,58
665,TSLA  ,2023-03-03,137.0,65,83
666,TSLA  ,2023-03-03,138.0,152,205
667,TSLA  ,2023-03-03,139.0,111,73
668,TSLA  ,2023-03-03,140.0,610,411
669,TSLA  ,2023-03-03,141.0,67,85
670,TSLA  ,2023-03-03,142.0,242,136
671,TSLA  ,2023-03-03,143.0,19,12
672,TSLA  ,2023-03-03,144.0,5,16
673,TSLA  ,2023-03-03,145.0,706,823
674,TSLA  ,2023-03-03,146.0,6,48
675,TSLA  ,2023-03-03,147.0,6,15
676,TSLA  ,2023-03-03,148.0,6,21
677,TSLA  ,2023-03-03,149.0,13,46
678,TSLA  ,2023-03-03,150.0,1128,909
679,TSLA  ,2023-03-03,152.5,34,136
680,TSLA  ,2023-03-03,155.0,1249,475
681,TSLA  ,2023-03-03,157.5,88,182
682,TSLA  ,2023-03-03,160.0,770,2678
683,TSLA  ,2023-03-03,162.5,69,308
684,TSLA  ,2023-03-03,165.0,1768,438
685,TSLA  ,2023-03-03,167.5,200,76
686,TSLA  ,2023-03-03,170.0,1253,261
687,TSLA  ,2023-03-03,172.5,1209,281
688,TSLA  ,2023-03-03,175.0,719,295
689,TSLA  ,2023-03-03,177.5,217,320
690,TSLA  ,2023-03-03,180.0,889,224
691,TSLA  ,2023-03-03,182.5,135,104
692,TSLA  ,2023-03-03,185.0,702,98
693,TSLA  ,2023-03-03,187.5,98,2
694,TSLA  ,2023-03-03,190.0,986,627
695,TSLA  ,2023-03-03,192.5,125,57
696,TSLA  ,2023-03-03,195.0,172,6
697,TSLA  ,2023-03-03,197.5,41,7
698,TSLA  ,2023-03-03,200.0,1853,73
699,TSLA  ,2023-03-03,205.0,329,3
700,TSLA  ,2023-03-03,210.0,387,3
701,TSLA  ,2023-03-03,215.0,392,3
702,TSLA  ,2023-03-03,220.0,372,48
703,TSLA  ,2023-03-03,225.0,275,0
704,TSLA  ,2023-03-03,230.0,357,1
705,TSLA  ,2023-03-03,235.0,584,0
706,TSLA  ,2023-03-03,240.0,1189,18
707,TSLA  ,2023-03-03,245.0,1840,0
708,TSLA  ,2023-03-03,250.0,1165,10
709,TSLA  ,2023-03-03,255.0,121,0
710,TSLA  ,2023-03-03,260.0,373,0
711,TSLA  ,2023-03-03,265.0,40,0
712,TSLA  ,2023-03-03,270.0,29,0
713,TSLA  ,2023-03-03,275.0,18,0
714,TSLA  ,2023-03-03,280.0,101,0
715,TSLA  ,2023-03-03,285.0,142,0
716,TSLA  ,2023-03-03,290.0,303,3
717,TSLA  ,2023-03-10,15.0,0,0
718,TSLA  ,2023-03-10,20.0,0,0
719,TSLA  ,2023-03-10,25.0,0,0
720,TSLA  ,2023-03-10,30.0,0,0
721,TSLA  ,2023-03-10,35.0,0,0
722,TSLA  ,2023-03-10,40.0,2,0
723,TSLA  ,2023-03-10,45.0,0,0
724,TSLA  ,2023-03-10,50.0,0,0
725,TSLA  ,2023-03-10,55.0,0,0
726,TSLA  ,2023-03-10,60.0,0,0
727,TSLA  ,2023-03-10,65.0,0,0
728,TSLA  ,2023-03-10,70.0,0,0
729,TSLA  ,2023-03-10,75.0,0,0
730,TSLA  ,2023-03-10,80.0,0,0
731,TSLA  ,2023-03-10,85.0,0,0
732,TSLA  ,2023-03-10,90.0,0,1
733,TSLA  ,2023-03-10,95.0,1,1
734,TSLA  ,2023-03-10,100.0,0,65
735,TSLA  ,2023-03-10,105.0,5,0
736,TSLA  ,2023-03-10,110.0,0,42
737,TSLA  ,2023-03-10,115.0,0,2
738,TSLA  ,2023-03-10,120.0,0,27
739,TSLA  ,2023-03-10,125.0,4,53
740,TSLA  ,2023-03-10,130.0,36,37
741,TSLA  ,2023-03-10,134.0,1,93
742,TSLA  ,2023-03-10,135.0,32,355
743,TSLA  ,2023-03-10,136.0,6,22
744,TSLA  ,2023-03-10,137.0,2,22
745,TSLA  ,2023-03-10,138.0,9,20
746,TSLA  ,2023-03-10,139.0,0,20
747,TSLA  ,2023-03-10,140.0,51,147
748,TSLA  ,2023-03-10,141.0,134,2
749,TSLA  ,2023-03-10,142.0,1,11
750,TSLA  ,2023-03-10,143.0,5,11
751,TSLA  ,2023-03-10,144.0,1,3
752,TSLA  ,2023-03-10,145.0,63,23
753,TSLA  ,2023-03-10,146.0,5,0
754,TSLA  ,2023-03-10,147.0,15,11
755,TSLA  ,2023-03-10,148.0,6,716
756,TSLA  ,2023-03-10,149.0,2,16
757,TSLA  ,2023-03-10,150.0,185,153
758,TSLA  ,2023-03-10,152.5,11,22
759,TSLA  ,2023-03-10,155.0,240,44
760,TSLA  ,2023-03-10,157.5,20,323
761,TSLA  ,2023-03-10,160.0,131,89
762,TSLA  ,2023-03-10,162.5,38,36
763,TSLA  ,2023-03-10,165.0,247,83
764,TSLA  ,2023-03-10,167.5,9,12
765,TSLA  ,2023-03-10,170.0,239,1093
766,TSLA  ,2023-03-10,172.5,26,9
767,TSLA  ,2023-03-10,175.0,75,72
768,TSLA  ,2023-03-10,177.5,23,21
769,TSLA  ,2023-03-10,180.0,402,26
770,TSLA  ,2023-03-10,182.5,16,0
771,TSLA  ,2023-03-10,185.0,111,2
772,TSLA  ,2023-03-10,187.5,20,0
773,TSLA  ,2023-03-10,190.0,208,10
774,TSLA  ,2023-03-10,192.5,24,0
775,TSLA  ,2023-03-10,195.0,70,0
776,TSLA  ,2023-03-10,197.5,31,0
777,TSLA  ,2023-03-10,200.0,500,2
778,TSLA  ,2023-03-10,205.0,132,0
779,TSLA  ,2023-03-10,210.0,85,0
780,TSLA  ,2023-03-10,215.0,15,1
781,TSLA  ,2023-03-10,220.0,111,0
782,TSLA  ,2023-03-10,225.0,249,2
783,TSLA  ,2023-03-10,230.0,18,0
784,TSLA  ,2023-03-10,235.0,34,0
785,TSLA  ,2023-03-10,240.0,33,1
786,TSLA  ,2023-03-10,245.0,28,1
787,TSLA  ,2023-03-10,250.0,85,0
788,TSLA  ,2023-03-10,255.0,33,0
789,TSLA  ,2023-03-10,260.0,13,0
790,TSLA  ,2023-03-10,265.0,0,0
791,TSLA  ,2023-03-10,270.0,0,0
792,TSLA  ,2023-03-10,275.0,0,0
793,TSLA  ,2023-03-10,280.0,50,0
794,TSLA  ,2023-03-10,285.0,68,0
795,TSLA  ,2023-03-10,290.0,2,3
796,TSLA  ,2023-03-17,1.67,102,24718
797,TSLA  ,2023-03-17,3.33,29,6940
798,TSLA  ,2023-03-17,5.0,2,8005
799,TSLA  ,2023-03-17,6.67,52,4669
800,TSLA  ,2023-03-17,8.33,15,1379
801,TSLA  ,2023-03-17,10.0,842,4105
802,TSLA  ,2023-03-17,11.67,1711,5414
803,TSLA  ,2023-03-17,13.33,1657,2125
804,TSLA  ,2023-03-17,15.0,987,5168
805,TSLA  ,2023-03-17,16.67,881,15318
806,TSLA  ,2023-03-17,18.33,473,12021
807,TSLA  ,2023-03-17,33.33,406,31349
808,TSLA  ,2023-03-17,50.0,492,20847
809,TSLA  ,2023-03-17,55.0,33,4412
810,TSLA  ,2023-03-17,60.0,207,5861
811,TSLA  ,2023-03-17,65.0,25,2289
812,TSLA  ,2023-03-17,66.67,923,17989
813,TSLA  ,2023-03-17,70.0,50,6065
814,TSLA  ,2023-03-17,75.0,54,5327
815,TSLA  ,2023-03-17,80.0,214,12709
816,TSLA  ,2023-03-17,83.33,907,5339
817,TSLA  ,2023-03-17,85.0,111,4047
818,TSLA  ,2023-03-17,90.0,683,16209
819,TSLA  ,2023-03-17,95.0,314,2841
820,TSLA  ,2023-03-17,100.0,2014,29671
821,TSLA  ,2023-03-17,105.0,1452,5128
822,TSLA  ,2023-03-17,110.0,3192,12819
823,TSLA  ,2023-03-17,115.0,3370,9084
824,TSLA  ,2023-03-17,116.67,1402,10956
825,TSLA  ,2023-03-17,120.0,7201,11798
826,TSLA  ,2023-03-17,123.33,2735,6532
827,TSLA  ,2023-03-17,125.0,3745,8808
828,TSLA  ,2023-03-17,126.67,1726,4528
829,TSLA  ,2023-03-17,130.0,7860,12401
830,TSLA  ,2023-03-17,133.33,3475,9868
831,TSLA  ,2023-03-17,135.0,29222,30904
832,TSLA  ,2023-03-17,136.67,2925,3879
833,TSLA  ,2023-03-17,140.0,7716,21948
834,TSLA  ,2023-03-17,143.33,2510,5196
835,TSLA  ,2023-03-17,145.0,3232,6758
836,TSLA  ,2023-03-17,146.67,1940,4030
837,TSLA  ,2023-03-17,150.0,15546,14984
838,TSLA  ,2023-03-17,153.33,1738,2475
839,TSLA  ,2023-03-17,155.0,4026,2173
840,TSLA  ,2023-03-17,156.67,2318,3071
841,TSLA  ,2023-03-17,160.0,8371,18967
842,TSLA  ,2023-03-17,163.33,3245,4394
843,TSLA  ,2023-03-17,165.0,6750,3710
844,TSLA  ,2023-03-17,166.67,6358,11635
845,TSLA  ,2023-03-17,170.0,11855,14317
846,TSLA  ,2023-03-17,173.33,3227,14354
847,TSLA  ,2023-03-17,175.0,5972,2402
848,TSLA  ,2023-03-17,176.67,1803,2061
849,TSLA  ,2023-03-17,180.0,20851,8465
850,TSLA  ,2023-03-17,183.33,3151,7615
851,TSLA  ,2023-03-17,185.0,3678,740
852,TSLA  ,2023-03-17,186.67,2261,3922
853,TSLA  ,2023-03-17,190.0,8435,4242
854,TSLA  ,2023-03-17,193.33,1399,2041
855,TSLA  ,2023-03-17,195.0,2239,176
856,TSLA  ,2023-03-17,196.67,1253,691
857,TSLA  ,2023-03-17,198.33,1108,1435
858,TSLA  ,2023-03-17,200.0,35764,25658
859,TSLA  ,2023-03-17,201.67,975,807
860,TSLA  ,2023-03-17,203.33,963,709
861,TSLA  ,2023-03-17,205.0,3053,176
862,TSLA  ,2023-03-17,206.67,712,1733
863,TSLA  ,2023-03-17,208.33,2301,569
864,TSLA  ,2023-03-17,210.0,4253,884
865,TSLA  ,2023-03-17,211.67,770,488
866,TSLA  ,2023-03-17,213.33,941,434
867,TSLA  ,2023-03-17,215.0,3017,459
868,TSLA  ,2023-03-17,216.67,4684,2744
869,TSLA  ,2023-03-17,218.33,668,28
870,TSLA  ,2023-03-17,220.0,6718,656
871,TSLA  ,2023-03-17,221.67,822,74
872,TSLA  ,2023-03-17,223.33,748,94
873,TSLA  ,2023-03-17,225.0,5171,544
874,TSLA  ,2023-03-17,226.67,1813,142
875,TSLA  ,2023-03-17,228.33,5261,5
876,TSLA  ,2023-03-17,230.0,4825,611
877,TSLA  ,2023-03-17,231.67,1027,40
878,TSLA  ,2023-03-17,233.33,6724,418
879,TSLA  ,2023-03-17,235.0,3051,19
880,TSLA  ,2023-03-17,236.67,1183,17
881,TSLA  ,2023-03-17,238.33,715,36
882,TSLA  ,2023-03-17,240.0,3897,147
883,TSLA  ,2023-03-17,241.67,557,12
884,TSLA  ,2023-03-17,243.33,1100,79
885,TSLA  ,2023-03-17,245.0,1288,15
886,TSLA  ,2023-03-17,246.67,729,34
887,TSLA  ,2023-03-17,248.33,962,23
888,TSLA  ,2023-03-17,250.0,15439,571
889,TSLA  ,2023-03-17,251.67,1006,76
890,TSLA  ,2023-03-17,253.33,526,34
891,TSLA  ,2023-03-17,255.0,2733,48
892,TSLA  ,2023-03-17,256.67,630,22
893,TSLA  ,2023-03-17,258.33,564,25
894,TSLA  ,2023-03-17,260.0,5111,45
895,TSLA  ,2023-03-17,261.67,1138,13
896,TSLA  ,2023-03-17,263.33,497,56
897,TSLA  ,2023-03-17,265.0,998,16
898,TSLA  ,2023-03-17,266.67,9761,363
899,TSLA  ,2023-03-17,270.0,3677,31
900,TSLA  ,2023-03-17,273.33,3804,80
901,TSLA  ,2023-03-17,276.67,1186,22
902,TSLA  ,2023-03-17,280.0,2290,138
903,TSLA  ,2023-03-17,283.33,7611,54
904,TSLA  ,2023-03-17,286.67,1447,17
905,TSLA  ,2023-03-17,290.0,2832,73
906,TSLA  ,2023-03-17,293.33,7095,339
907,TSLA  ,2023-03-17,295.0,1775,11
908,TSLA  ,2023-03-17,296.67,772,16
909,TSLA  ,2023-03-17,298.33,1098,3
910,TSLA  ,2023-03-17,300.0,67418,93
911,TSLA  ,2023-03-17,301.67,1168,20
912,TSLA  ,2023-03-17,303.33,1215,11
913,TSLA  ,2023-03-17,305.0,2725,23
914,TSLA  ,2023-03-17,306.67,1918,5
915,TSLA  ,2023-03-17,308.33,4839,14
916,TSLA  ,2023-03-17,310.0,4279,22
917,TSLA  ,2023-03-17,311.67,1979,40
918,TSLA  ,2023-03-17,313.33,3929,9
919,TSLA  ,2023-03-17,316.67,29810,22
920,TSLA  ,2023-03-17,320.0,14801,23
921,TSLA  ,2023-03-17,323.33,282,3
922,TSLA  ,2023-03-17,326.67,715,8
923,TSLA  ,2023-03-17,330.0,2598,5
924,TSLA  ,2023-03-17,333.33,20947,31
925,TSLA  ,2023-03-17,336.67,667,4
926,TSLA  ,2023-03-17,340.0,4970,0
927,TSLA  ,2023-03-17,343.33,1888,0
928,TSLA  ,2023-03-17,346.67,702,0
929,TSLA  ,2023-03-17,350.0,10027,17
930,TSLA  ,2023-03-17,353.33,428,0
931,TSLA  ,2023-03-17,356.67,408,0
932,TSLA  ,2023-03-17,360.0,1856,0
933,TSLA  ,2023-03-17,363.33,539,0
934,TSLA  ,2023-03-17,366.67,7846,0
935,TSLA  ,2023-03-17,370.0,1103,0
936,TSLA  ,2023-03-17,373.33,648,0
937,TSLA  ,2023-03-17,383.33,12398,0
938,TSLA  ,2023-03-17,400.0,25096,1
939,TSLA  ,2023-03-17,416.67,13170,0
940,TSLA  ,2023-03-17,433.33,19498,0
941,TSLA  ,2023-03-17,441.67,1908,0
942,TSLA  ,2023-03-17,450.0,5071,0
943,TSLA  ,2023-03-17,458.33,2332,0
944,TSLA  ,2023-03-17,466.67,2942,4
945,TSLA  ,2023-03-17,475.0,3011,0
946,TSLA  ,2023-03-17,483.33,1848,0
947,TSLA  ,2023-03-17,491.67,2531,0
948,TSLA  ,2023-03-17,500.0,10772,6
949,TSLA  ,2023-03-17,508.33,1598,0
950,TSLA  ,2023-03-17,516.67,917,0
951,TSLA  ,2023-03-17,525.0,4587,0
952,TSLA  ,2023-03-17,533.33,4775,0
953,TSLA  ,2023-03-17,541.67,1041,0
954,TSLA  ,2023-03-17,550.0,4263,0
955,TSLA  ,2023-03-17,558.33,3765,0
956,TSLA  ,2023-03-17,566.67,7848,0
957,TSLA  ,2023-03-17,575.0,11884,0
958,TSLA  ,2023-03-17,583.33,2651,0
959,TSLA  ,2023-03-17,591.67,1444,0
960,TSLA  ,2023-03-17,600.0,5476,0
961,TSLA  ,2023-03-17,608.33,476,0
962,TSLA  ,2023-03-17,616.67,4200,0
963,TSLA  ,2023-03-17,625.0,890,0
964,TSLA  ,2023-03-17,633.33,2381,0
965,TSLA  ,2023-03-17,641.67,1205,0
966,TSLA  ,2023-03-17,650.0,8092,0
967,TSLA  ,2023-03-17,666.67,69934,0
968,TSLA  ,2023-03-17,675.0,21327,0
969,TSLA  ,2023-03-17,683.33,3588,0
970,TSLA  ,2023-03-17,691.67,968,0
971,TSLA  ,2023-03-17,700.0,3581,0
972,TSLA  ,2023-03-17,708.33,417,0
973,TSLA  ,2023-03-17,716.67,631,0
974,TSLA  ,2023-03-17,725.0,779,0
975,TSLA  ,2023-03-17,733.33,1702,0
976,TSLA  ,2023-03-17,741.67,762,0
977,TSLA  ,2023-03-17,750.0,697,0
978,TSLA  ,2023-03-17,758.33,1235,0
979,TSLA  ,2023-03-17,766.67,1263,0
980,TSLA  ,2023-03-17,775.0,840,0
981,TSLA  ,2023-03-17,783.33,1281,0
982,TSLA  ,2023-03-17,791.67,1357,0
983,TSLA  ,2023-03-17,800.0,5200,0
984,TSLA  ,2023-03-17,808.33,1840,0
985,TSLA  ,2023-03-17,816.67,2271,0
986,TSLA  ,2023-03-17,825.0,57246,0
987,TSLA  ,2023-04-21,5.0,16,0
988,TSLA  ,2023-04-21,10.0,0,8
989,TSLA  ,2023-04-21,15.0,0,41
990,TSLA  ,2023-04-21,20.0,1,103
991,TSLA  ,2023-04-21,25.0,3,2458
992,TSLA  ,2023-04-21,30.0,0,966
993,TSLA  ,2023-04-21,35.0,5,416
994,TSLA  ,2023-04-21,40.0,6,303
995,TSLA  ,2023-04-21,45.0,0,519
996,TSLA  ,2023-04-21,50.0,69,4939
997,TSLA  ,2023-04-21,55.0,14,2745
998,TSLA  ,2023-04-21,60.0,19,1815
999,TSLA  ,2023-04-21,65.0,65,5160
1000,TSLA  ,2023-04-21,70.0,105,4322
1001,TSLA  ,2023-04-21,75.0,127,13158
1002,TSLA  ,2023-04-21,80.0,25236,4426
1003,TSLA  ,2023-04-21,85.0,91,3232
1004,TSLA  ,2023-04-21,90.0,268,1718
1005,TSLA  ,2023-04-21,95.0,152,6151
1006,TSLA  ,2023-04-21,100.0,1791,22524
1007,TSLA  ,2023-04-21,105.0,374,2390
1008,TSLA  ,2023-04-21,108.33,924,4850
1009,TSLA  ,2023-04-21,110.0,1120,4281
1010,TSLA  ,2023-04-21,115.0,1517,3418
1011,TSLA  ,2023-04-21,116.67,2800,10171
1012,TSLA  ,2023-04-21,120.0,7479,6610
1013,TSLA  ,2023-04-21,125.0,11616,10630
1014,TSLA  ,2023-04-21,130.0,1758,6011
1015,TSLA  ,2023-04-21,133.33,4666,4028
1016,TSLA  ,2023-04-21,135.0,2035,1620
1017,TSLA  ,2023-04-21,140.0,3165,6386
1018,TSLA  ,2023-04-21,141.67,6366,3868
1019,TSLA  ,2023-04-21,145.0,2181,2324
1020,TSLA  ,2023-04-21,150.0,7471,12467
1021,TSLA  ,2023-04-21,155.0,1429,793
1022,TSLA  ,2023-04-21,158.33,2979,3667
1023,TSLA  ,2023-04-21,160.0,2944,2917
1024,TSLA  ,2023-04-21,165.0,1426,983
1025,TSLA  ,2023-04-21,166.67,2842,5214
1026,TSLA  ,2023-04-21,170.0,2254,1100
1027,TSLA  ,2023-04-21,175.0,10894,6332
1028,TSLA  ,2023-04-21,180.0,2966,209
1029,TSLA  ,2023-04-21,183.33,2646,3284
1030,TSLA  ,2023-04-21,185.0,1327,369
1031,TSLA  ,2023-04-21,190.0,945,271
1032,TSLA  ,2023-04-21,191.67,3535,4225
1033,TSLA  ,2023-04-21,195.0,562,55
1034,TSLA  ,2023-04-21,200.0,9224,5010
1035,TSLA  ,2023-04-21,205.0,1439,4
1036,TSLA  ,2023-04-21,208.33,5536,2201
1037,TSLA  ,2023-04-21,210.0,1080,134
1038,TSLA  ,2023-04-21,215.0,183,2
1039,TSLA  ,2023-04-21,216.67,1542,2112
1040,TSLA  ,2023-04-21,220.0,1382,21
1041,TSLA  ,2023-04-21,225.0,5864,2114
1042,TSLA  ,2023-04-21,230.0,260,37
1043,TSLA  ,2023-04-21,233.33,1638,497
1044,TSLA  ,2023-04-21,235.0,103,0
1045,TSLA  ,2023-04-21,240.0,3092,120
1046,TSLA  ,2023-04-21,241.67,891,13
1047,TSLA  ,2023-04-21,243.33,796,11
1048,TSLA  ,2023-04-21,245.0,1513,61
1049,TSLA  ,2023-04-21,246.67,483,29
1050,TSLA  ,2023-04-21,248.33,658,295
1051,TSLA  ,2023-04-21,250.0,7323,638
1052,TSLA  ,2023-04-21,251.67,1576,26
1053,TSLA  ,2023-04-21,253.33,490,12
1054,TSLA  ,2023-04-21,255.0,1045,19
1055,TSLA  ,2023-04-21,258.33,680,893
1056,TSLA  ,2023-04-21,266.67,1856,82
1057,TSLA  ,2023-04-21,275.0,1864,35
1058,TSLA  ,2023-04-21,283.33,1341,29
1059,TSLA  ,2023-04-21,291.67,3032,0
1060,TSLA  ,2023-04-21,300.0,7400,20
1061,TSLA  ,2023-04-21,308.33,4494,25
1062,TSLA  ,2023-04-21,316.67,20899,1
1063,TSLA  ,2023-04-21,325.0,2420,0
1064,TSLA  ,2023-04-21,333.33,4277,0
1065,TSLA  ,2023-04-21,341.67,598,0
1066,TSLA  ,2023-04-21,350.0,3159,0
1067,TSLA  ,2023-04-21,358.33,1011,0
1068,TSLA  ,2023-04-21,366.67,949,1
1069,TSLA  ,2023-04-21,375.0,1078,8
1070,TSLA  ,2023-04-21,383.33,687,0
1071,TSLA  ,2023-04-21,391.67,326,0
1072,TSLA  ,2023-04-21,400.0,2186,0
1073,TSLA  ,2023-04-21,408.33,233,0
1074,TSLA  ,2023-04-21,416.67,1104,0
1075,TSLA  ,2023-04-21,425.0,4720,0
1076,TSLA  ,2023-04-21,433.33,2793,0
1077,TSLA  ,2023-04-21,441.67,623,0
1078,TSLA  ,2023-04-21,450.0,1834,0
1079,TSLA  ,2023-04-21,458.33,3515,0
1080,TSLA  ,2023-04-21,466.67,435,0
1081,TSLA  ,2023-04-21,475.0,1565,0
1082,TSLA  ,2023-04-21,483.33,984,0
1083,TSLA  ,2023-04-21,491.67,231,0
1084,TSLA  ,2023-04-21,500.0,2113,0
1085,TSLA  ,2023-04-21,508.33,1254,0
1086,TSLA  ,2023-04-21,516.67,620,0
1087,TSLA  ,2023-04-21,525.0,251,0
1088,TSLA  ,2023-04-21,533.33,391,0
1089,TSLA  ,2023-04-21,541.67,365,0
1090,TSLA  ,2023-04-21,550.0,10576,0
1091,TSLA  ,2023-04-21,558.33,99,0
1092,TSLA  ,2023-04-21,566.67,540,0
1093,TSLA  ,2023-04-21,575.0,1100,0
1094,TSLA  ,2023-04-21,583.33,816,0
1095,TSLA  ,2023-04-21,600.0,17380,0
1096,TSLA  ,2023-05-19,50.0,63,1900
1097,TSLA  ,2023-05-19,55.0,51,568
1098,TSLA  ,2023-05-19,60.0,156,615
1099,TSLA  ,2023-05-19,65.0,65,377
1100,TSLA  ,2023-05-19,70.0,178,606
1101,TSLA  ,2023-05-19,75.0,134,1604
1102,TSLA  ,2023-05-19,80.0,85,1603
1103,TSLA  ,2023-05-19,85.0,63,1680
1104,TSLA  ,2023-05-19,90.0,253,2648
1105,TSLA  ,2023-05-19,95.0,135,1557
1106,TSLA  ,2023-05-19,100.0,1045,4585
1107,TSLA  ,2023-05-19,105.0,257,6030
1108,TSLA  ,2023-05-19,110.0,16021,4678
1109,TSLA  ,2023-05-19,115.0,1355,1760
1110,TSLA  ,2023-05-19,120.0,2146,7648
1111,TSLA  ,2023-05-19,125.0,3628,3022
1112,TSLA  ,2023-05-19,130.0,2695,2519
1113,TSLA  ,2023-05-19,135.0,2191,1987
1114,TSLA  ,2023-05-19,140.0,1961,4279
1115,TSLA  ,2023-05-19,145.0,2696,2657
1116,TSLA  ,2023-05-19,150.0,4062,2121
1117,TSLA  ,2023-05-19,155.0,1543,1454
1118,TSLA  ,2023-05-19,160.0,3087,1704
1119,TSLA  ,2023-05-19,165.0,1321,1252
1120,TSLA  ,2023-05-19,170.0,2487,2299
1121,TSLA  ,2023-05-19,175.0,1684,813
1122,TSLA  ,2023-05-19,180.0,8361,1058
1123,TSLA  ,2023-05-19,185.0,1162,398
1124,TSLA  ,2023-05-19,190.0,1687,656
1125,TSLA  ,2023-05-19,195.0,1355,536
1126,TSLA  ,2023-05-19,200.0,3427,910
1127,TSLA  ,2023-05-19,205.0,448,9
1128,TSLA  ,2023-05-19,210.0,7766,35
1129,TSLA  ,2023-05-19,215.0,344,28
1130,TSLA  ,2023-05-19,220.0,453,36
1131,TSLA  ,2023-05-19,225.0,161,34
1132,TSLA  ,2023-05-19,230.0,227,30
1133,TSLA  ,2023-05-19,235.0,58,28
1134,TSLA  ,2023-05-19,240.0,104,82
1135,TSLA  ,2023-05-19,245.0,269,5
1136,TSLA  ,2023-05-19,250.0,212,27
1137,TSLA  ,2023-05-19,260.0,202,97
1138,TSLA  ,2023-05-19,270.0,1296,121
1139,TSLA  ,2023-05-19,280.0,73,20
1140,TSLA  ,2023-05-19,290.0,130,367
1141,TSLA  ,2023-05-19,300.0,163,526
1142,TSLA  ,2023-05-19,310.0,35,5072
1143,TSLA  ,2023-05-19,320.0,231,1159
1144,TSLA  ,2023-06-16,1.67,113,41907
1145,TSLA  ,2023-06-16,3.33,402,5010
1146,TSLA  ,2023-06-16,5.0,108,1664
1147,TSLA  ,2023-06-16,6.67,75,1305
1148,TSLA  ,2023-06-16,8.33,425,2372
1149,TSLA  ,2023-06-16,10.0,3236,3723
1150,TSLA  ,2023-06-16,11.67,155,8573
1151,TSLA  ,2023-06-16,13.33,1234,5638
1152,TSLA  ,2023-06-16,15.0,168,2720
1153,TSLA  ,2023-06-16,16.67,489,9479
1154,TSLA  ,2023-06-16,18.33,91,4793
1155,TSLA  ,2023-06-16,33.33,859,12383
1156,TSLA  ,2023-06-16,50.0,1110,17037
1157,TSLA  ,2023-06-16,55.0,31,7701
1158,TSLA  ,2023-06-16,60.0,15,981
1159,TSLA  ,2023-06-16,65.0,4,794
1160,TSLA  ,2023-06-16,66.67,1039,14505
1161,TSLA  ,2023-06-16,70.0,50,4113
1162,TSLA  ,2023-06-16,75.0,79,4987
1163,TSLA  ,2023-06-16,80.0,176,3412
1164,TSLA  ,2023-06-16,83.33,717,5120
1165,TSLA  ,2023-06-16,85.0,87,4083
1166,TSLA  ,2023-06-16,90.0,212,3047
1167,TSLA  ,2023-06-16,95.0,170,1457
1168,TSLA  ,2023-06-16,100.0,3481,25940
1169,TSLA  ,2023-06-16,105.0,314,5392
1170,TSLA  ,2023-06-16,110.0,1150,5543
1171,TSLA  ,2023-06-16,115.0,589,2804
1172,TSLA  ,2023-06-16,116.67,1779,5047
1173,TSLA  ,2023-06-16,120.0,3504,6583
1174,TSLA  ,2023-06-16,123.33,401,1186
1175,TSLA  ,2023-06-16,125.0,4119,7426
1176,TSLA  ,2023-06-16,126.67,863,1321
1177,TSLA  ,2023-06-16,130.0,3831,9220
1178,TSLA  ,2023-06-16,133.33,2587,9910
1179,TSLA  ,2023-06-16,135.0,2844,2612
1180,TSLA  ,2023-06-16,136.67,1053,2505
1181,TSLA  ,2023-06-16,140.0,8168,5543
1182,TSLA  ,2023-06-16,143.33,1290,3414
1183,TSLA  ,2023-06-16,145.0,3408,3041
1184,TSLA  ,2023-06-16,146.67,804,1256
1185,TSLA  ,2023-06-16,150.0,13637,7946
1186,TSLA  ,2023-06-16,153.33,2465,1770
1187,TSLA  ,2023-06-16,155.0,1290,2269
1188,TSLA  ,2023-06-16,156.67,1690,794
1189,TSLA  ,2023-06-16,160.0,7902,4885
1190,TSLA  ,2023-06-16,163.33,976,1142
1191,TSLA  ,2023-06-16,165.0,1918,1643
1192,TSLA  ,2023-06-16,166.67,3905,13365
1193,TSLA  ,2023-06-16,170.0,3746,1976
1194,TSLA  ,2023-06-16,173.33,1444,7059
1195,TSLA  ,2023-06-16,175.0,2603,3747
1196,TSLA  ,2023-06-16,180.0,8238,5166
1197,TSLA  ,2023-06-16,183.33,10404,9648
1198,TSLA  ,2023-06-16,185.0,8058,5233
1199,TSLA  ,2023-06-16,186.67,771,1432
1200,TSLA  ,2023-06-16,190.0,3023,4112
1201,TSLA  ,2023-06-16,193.33,2159,7921
1202,TSLA  ,2023-06-16,195.0,1811,1111
1203,TSLA  ,2023-06-16,200.0,23776,22680
1204,TSLA  ,2023-06-16,205.0,2503,824
1205,TSLA  ,2023-06-16,206.67,1681,3376
1206,TSLA  ,2023-06-16,210.0,3409,643
1207,TSLA  ,2023-06-16,213.33,1080,2136
1208,TSLA  ,2023-06-16,215.0,2237,781
1209,TSLA  ,2023-06-16,216.67,7243,6218
1210,TSLA  ,2023-06-16,220.0,7176,7439
1211,TSLA  ,2023-06-16,225.0,1191,1192
1212,TSLA  ,2023-06-16,226.67,1167,1934
1213,TSLA  ,2023-06-16,230.0,4092,2865
1214,TSLA  ,2023-06-16,233.33,10781,7250
1215,TSLA  ,2023-06-16,235.0,1645,667
1216,TSLA  ,2023-06-16,240.0,3357,3145
1217,TSLA  ,2023-06-16,243.33,1321,1705
1218,TSLA  ,2023-06-16,245.0,1220,63
1219,TSLA  ,2023-06-16,246.67,3181,98
1220,TSLA  ,2023-06-16,250.0,15938,2998
1221,TSLA  ,2023-06-16,253.33,985,197
1222,TSLA  ,2023-06-16,255.0,1056,73
1223,TSLA  ,2023-06-16,260.0,4232,81
1224,TSLA  ,2023-06-16,265.0,1688,51
1225,TSLA  ,2023-06-16,266.67,6926,408
1226,TSLA  ,2023-06-16,270.0,889,0
1227,TSLA  ,2023-06-16,273.33,688,1050
1228,TSLA  ,2023-06-16,275.0,1422,5
1229,TSLA  ,2023-06-16,280.0,3190,60
1230,TSLA  ,2023-06-16,283.33,4644,51
1231,TSLA  ,2023-06-16,285.0,703,1
1232,TSLA  ,2023-06-16,286.67,748,30
1233,TSLA  ,2023-06-16,290.0,567,820
1234,TSLA  ,2023-06-16,293.33,1694,62
1235,TSLA  ,2023-06-16,295.0,254,250
1236,TSLA  ,2023-06-16,300.0,14785,71
1237,TSLA  ,2023-06-16,305.0,539,5
1238,TSLA  ,2023-06-16,306.67,1309,31
1239,TSLA  ,2023-06-16,310.0,1060,46
1240,TSLA  ,2023-06-16,313.33,499,36
1241,TSLA  ,2023-06-16,315.0,297,81
1242,TSLA  ,2023-06-16,316.67,6575,241
1243,TSLA  ,2023-06-16,320.0,2354,3
1244,TSLA  ,2023-06-16,326.67,9502,6
1245,TSLA  ,2023-06-16,330.0,1198,37
1246,TSLA  ,2023-06-16,333.33,33509,231
1247,TSLA  ,2023-06-16,340.0,1772,3
1248,TSLA  ,2023-06-16,346.67,1059,0
1249,TSLA  ,2023-06-16,350.0,8399,330
1250,TSLA  ,2023-06-16,353.33,789,0
1251,TSLA  ,2023-06-16,360.0,2085,0
1252,TSLA  ,2023-06-16,366.67,10947,450
1253,TSLA  ,2023-06-16,370.0,787,3
1254,TSLA  ,2023-06-16,383.33,11823,0
1255,TSLA  ,2023-06-16,400.0,18475,901
1256,TSLA  ,2023-06-16,416.67,3586,0
1257,TSLA  ,2023-06-16,433.33,9527,0
1258,TSLA  ,2023-06-16,450.0,7930,0
1259,TSLA  ,2023-06-16,466.67,20787,0
1260,TSLA  ,2023-06-16,483.33,8209,0
1261,TSLA  ,2023-06-16,500.0,24760,0
1262,TSLA  ,2023-06-16,516.67,2501,0
1263,TSLA  ,2023-06-16,533.33,4876,0
1264,TSLA  ,2023-06-16,550.0,6290,0
1265,TSLA  ,2023-06-16,558.33,1710,0
1266,TSLA  ,2023-06-16,566.67,1377,0
1267,TSLA  ,2023-06-16,575.0,648,0
1268,TSLA  ,2023-06-16,583.33,1508,0
1269,TSLA  ,2023-06-16,591.67,397,0
1270,TSLA  ,2023-06-16,600.0,5895,0
1271,TSLA  ,2023-06-16,608.33,1121,0
1272,TSLA  ,2023-06-16,616.67,626,0
1273,TSLA  ,2023-06-16,625.0,2175,0
1274,TSLA  ,2023-06-16,633.33,5491,0
1275,TSLA  ,2023-06-16,641.67,434,0
1276,TSLA  ,2023-06-16,650.0,478,0
1277,TSLA  ,2023-06-16,666.67,18101,0
1278,TSLA  ,2023-06-16,675.0,827,0
1279,TSLA  ,2023-06-16,683.33,465,0
1280,TSLA  ,2023-06-16,691.67,819,0
1281,TSLA  ,2023-06-16,700.0,1914,0
1282,TSLA  ,2023-06-16,708.33,544,0
1283,TSLA  ,2023-06-16,716.67,776,0
1284,TSLA  ,2023-06-16,725.0,1061,0
1285,TSLA  ,2023-06-16,733.33,2259,0
1286,TSLA  ,2023-06-16,741.67,811,0
1287,TSLA  ,2023-06-16,750.0,11601,0
1288,TSLA  ,2023-06-16,758.33,1309,0
1289,TSLA  ,2023-06-16,766.67,1287,0
1290,TSLA  ,2023-06-16,775.0,1113,0
1291,TSLA  ,2023-06-16,783.33,2191,0
1292,TSLA  ,2023-06-16,791.67,1692,0
1293,TSLA  ,2023-06-16,800.0,8684,0
1294,TSLA  ,2023-06-16,808.33,1334,0
1295,TSLA  ,2023-06-16,816.67,1884,0
1296,TSLA  ,2023-06-16,825.0,36356,0
1297,TSLA  ,2023-07-21,5.0,33,468
1298,TSLA  ,2023-07-21,10.0,5,908
1299,TSLA  ,2023-07-21,15.0,4,324
1300,TSLA  ,2023-07-21,20.0,12,1193
1301,TSLA  ,2023-07-21,25.0,24,919
1302,TSLA  ,2023-07-21,30.0,109,1157
1303,TSLA  ,2023-07-21,35.0,42,724
1304,TSLA  ,2023-07-21,40.0,20,1160
1305,TSLA  ,2023-07-21,45.0,33,212
1306,TSLA  ,2023-07-21,50.0,67,4996
1307,TSLA  ,2023-07-21,55.0,86,1846
1308,TSLA  ,2023-07-21,60.0,94,3355
1309,TSLA  ,2023-07-21,65.0,81,398
1310,TSLA  ,2023-07-21,70.0,25,1933
1311,TSLA  ,2023-07-21,75.0,63,4254
1312,TSLA  ,2023-07-21,80.0,83,3787
1313,TSLA  ,2023-07-21,85.0,60,1390
1314,TSLA  ,2023-07-21,90.0,127,3633
1315,TSLA  ,2023-07-21,95.0,19,1545
1316,TSLA  ,2023-07-21,100.0,327,5341
1317,TSLA  ,2023-07-21,105.0,327,2454
1318,TSLA  ,2023-07-21,110.0,1124,3093
1319,TSLA  ,2023-07-21,115.0,494,1090
1320,TSLA  ,2023-07-21,120.0,1211,3715
1321,TSLA  ,2023-07-21,125.0,1414,1938
1322,TSLA  ,2023-07-21,130.0,1485,1637
1323,TSLA  ,2023-07-21,135.0,1084,2871
1324,TSLA  ,2023-07-21,140.0,1419,2448
1325,TSLA  ,2023-07-21,145.0,1168,2089
1326,TSLA  ,2023-07-21,150.0,3492,3096
1327,TSLA  ,2023-07-21,155.0,1571,2916
1328,TSLA  ,2023-07-21,160.0,1681,1740
1329,TSLA  ,2023-07-21,165.0,668,1165
1330,TSLA  ,2023-07-21,170.0,1839,1917
1331,TSLA  ,2023-07-21,175.0,1536,1195
1332,TSLA  ,2023-07-21,180.0,1880,1226
1333,TSLA  ,2023-07-21,185.0,1153,12483
1334,TSLA  ,2023-07-21,190.0,1097,1733
1335,TSLA  ,2023-07-21,195.0,948,1822
1336,TSLA  ,2023-07-21,200.0,3294,1946
1337,TSLA  ,2023-07-21,205.0,806,598
1338,TSLA  ,2023-07-21,210.0,3546,434
1339,TSLA  ,2023-07-21,215.0,1355,142
1340,TSLA  ,2023-07-21,220.0,1641,233
1341,TSLA  ,2023-07-21,225.0,2497,786
1342,TSLA  ,2023-07-21,230.0,707,664
1343,TSLA  ,2023-07-21,235.0,592,507
1344,TSLA  ,2023-07-21,240.0,1004,1613
1345,TSLA  ,2023-07-21,245.0,315,635
1346,TSLA  ,2023-07-21,250.0,24703,1310
1347,TSLA  ,2023-07-21,255.0,680,376
1348,TSLA  ,2023-07-21,260.0,329,11
1349,TSLA  ,2023-07-21,265.0,198,2
1350,TSLA  ,2023-07-21,270.0,273,60
1351,TSLA  ,2023-07-21,275.0,202,60
1352,TSLA  ,2023-07-21,280.0,935,71
1353,TSLA  ,2023-07-21,285.0,778,142
1354,TSLA  ,2023-07-21,290.0,319,31
1355,TSLA  ,2023-07-21,295.0,116,11
1356,TSLA  ,2023-07-21,300.0,1065,3
1357,TSLA  ,2023-07-21,305.0,155,3
1358,TSLA  ,2023-07-21,310.0,511,7
1359,TSLA  ,2023-07-21,315.0,80,1
1360,TSLA  ,2023-07-21,320.0,415,0
1361,TSLA  ,2023-07-21,325.0,464,0
1362,TSLA  ,2023-07-21,330.0,349,24
1363,TSLA  ,2023-07-21,335.0,60,4
1364,TSLA  ,2023-07-21,340.0,255,5
1365,TSLA  ,2023-07-21,345.0,70,0
1366,TSLA  ,2023-07-21,350.0,280,1
1367,TSLA  ,2023-07-21,355.0,184,0
1368,TSLA  ,2023-07-21,360.0,243,0
1369,TSLA  ,2023-07-21,365.0,546,0
1370,TSLA  ,2023-07-21,370.0,911,0
1371,TSLA  ,2023-07-21,375.0,3068,4
1372,TSLA  ,2023-09-15,1.67,861,20010
1373,TSLA  ,2023-09-15,3.33,1086,2610
1374,TSLA  ,2023-09-15,5.0,25,901
1375,TSLA  ,2023-09-15,6.67,29,3360
1376,TSLA  ,2023-09-15,8.33,32,1170
1377,TSLA  ,2023-09-15,10.0,26,1902
1378,TSLA  ,2023-09-15,11.67,49,568
1379,TSLA  ,2023-09-15,13.33,88,230
1380,TSLA  ,2023-09-15,15.0,0,5
1381,TSLA  ,2023-09-15,16.67,143,4186
1382,TSLA  ,2023-09-15,30.0,0,41
1383,TSLA  ,2023-09-15,33.33,3118,11059
1384,TSLA  ,2023-09-15,35.0,1,15
1385,TSLA  ,2023-09-15,40.0,3,183
1386,TSLA  ,2023-09-15,45.0,6,19
1387,TSLA  ,2023-09-15,50.0,415,7235
1388,TSLA  ,2023-09-15,55.0,22,682
1389,TSLA  ,2023-09-15,60.0,29,468
1390,TSLA  ,2023-09-15,65.0,4,2252
1391,TSLA  ,2023-09-15,66.67,454,5465
1392,TSLA  ,2023-09-15,70.0,82,493
1393,TSLA  ,2023-09-15,75.0,26,608
1394,TSLA  ,2023-09-15,80.0,1028,559
1395,TSLA  ,2023-09-15,83.33,406,4459
1396,TSLA  ,2023-09-15,85.0,48,260
1397,TSLA  ,2023-09-15,90.0,341,2274
1398,TSLA  ,2023-09-15,95.0,77,2746
1399,TSLA  ,2023-09-15,100.0,2269,13081
1400,TSLA  ,2023-09-15,105.0,87,1994
1401,TSLA  ,2023-09-15,108.33,400,1897
1402,TSLA  ,2023-09-15,110.0,1372,1430
1403,TSLA  ,2023-09-15,115.0,171,2806
1404,TSLA  ,2023-09-15,116.67,566,12256
1405,TSLA  ,2023-09-15,120.0,360,1329
1406,TSLA  ,2023-09-15,123.33,532,1333
1407,TSLA  ,2023-09-15,125.0,1777,5089
1408,TSLA  ,2023-09-15,126.67,148,1070
1409,TSLA  ,2023-09-15,130.0,1721,2570
1410,TSLA  ,2023-09-15,133.33,212,2326
1411,TSLA  ,2023-09-15,135.0,215,1049
1412,TSLA  ,2023-09-15,136.67,284,809
1413,TSLA  ,2023-09-15,140.0,1833,1789
1414,TSLA  ,2023-09-15,141.67,776,1710
1415,TSLA  ,2023-09-15,143.33,290,1542
1416,TSLA  ,2023-09-15,145.0,371,916
1417,TSLA  ,2023-09-15,146.67,1365,951
1418,TSLA  ,2023-09-15,150.0,34836,8398
1419,TSLA  ,2023-09-15,153.33,30482,1774
1420,TSLA  ,2023-09-15,155.0,435,252
1421,TSLA  ,2023-09-15,156.67,400,618
1422,TSLA  ,2023-09-15,158.33,323,494
1423,TSLA  ,2023-09-15,160.0,3784,6009
1424,TSLA  ,2023-09-15,163.33,419,1473
1425,TSLA  ,2023-09-15,165.0,981,649
1426,TSLA  ,2023-09-15,166.67,1439,3003
1427,TSLA  ,2023-09-15,170.0,758,451
1428,TSLA  ,2023-09-15,173.33,10363,3008
1429,TSLA  ,2023-09-15,175.0,10889,7155
1430,TSLA  ,2023-09-15,180.0,33634,6379
1431,TSLA  ,2023-09-15,183.33,32273,5192
1432,TSLA  ,2023-09-15,185.0,259,172
1433,TSLA  ,2023-09-15,186.67,527,3326
1434,TSLA  ,2023-09-15,190.0,374,149
1435,TSLA  ,2023-09-15,191.67,443,1063
1436,TSLA  ,2023-09-15,193.33,893,2654
1437,TSLA  ,2023-09-15,195.0,195,153
1438,TSLA  ,2023-09-15,200.0,9612,16911
1439,TSLA  ,2023-09-15,205.0,219,85
1440,TSLA  ,2023-09-15,206.67,878,424
1441,TSLA  ,2023-09-15,208.33,540,2198
1442,TSLA  ,2023-09-15,210.0,313,221
1443,TSLA  ,2023-09-15,213.33,459,1266
1444,TSLA  ,2023-09-15,215.0,163,114
1445,TSLA  ,2023-09-15,216.67,1294,4285
1446,TSLA  ,2023-09-15,220.0,7002,3097
1447,TSLA  ,2023-09-15,225.0,1671,3336
1448,TSLA  ,2023-09-15,226.67,712,1475
1449,TSLA  ,2023-09-15,230.0,149,105
1450,TSLA  ,2023-09-15,233.33,2914,2749
1451,TSLA  ,2023-09-15,235.0,91,106
1452,TSLA  ,2023-09-15,240.0,1147,2041
1453,TSLA  ,2023-09-15,241.67,1135,727
1454,TSLA  ,2023-09-15,245.0,21,126
1455,TSLA  ,2023-09-15,246.67,519,419
1456,TSLA  ,2023-09-15,250.0,7599,4225
1457,TSLA  ,2023-09-15,253.33,813,507
1458,TSLA  ,2023-09-15,255.0,22,0
1459,TSLA  ,2023-09-15,258.33,731,2395
1460,TSLA  ,2023-09-15,260.0,11389,1396
1461,TSLA  ,2023-09-15,265.0,53,1
1462,TSLA  ,2023-09-15,266.67,2235,314
1463,TSLA  ,2023-09-15,270.0,60,84
1464,TSLA  ,2023-09-15,273.33,693,340
1465,TSLA  ,2023-09-15,275.0,2440,342
1466,TSLA  ,2023-09-15,280.0,1413,552
1467,TSLA  ,2023-09-15,283.33,1117,260
1468,TSLA  ,2023-09-15,286.67,513,83
1469,TSLA  ,2023-09-15,291.67,937,310
1470,TSLA  ,2023-09-15,293.33,1293,389
1471,TSLA  ,2023-09-15,300.0,7450,941
1472,TSLA  ,2023-09-15,306.67,2626,308
1473,TSLA  ,2023-09-15,308.33,809,297
1474,TSLA  ,2023-09-15,313.33,1504,265
1475,TSLA  ,2023-09-15,316.67,1537,148
1476,TSLA  ,2023-09-15,320.0,1017,133
1477,TSLA  ,2023-09-15,325.0,2677,75
1478,TSLA  ,2023-09-15,326.67,1119,5
1479,TSLA  ,2023-09-15,333.33,6451,84
1480,TSLA  ,2023-09-15,340.0,22871,103
1481,TSLA  ,2023-09-15,341.67,176,175
1482,TSLA  ,2023-09-15,346.67,518,108
1483,TSLA  ,2023-09-15,350.0,16897,212
1484,TSLA  ,2023-09-15,353.33,22070,125
1485,TSLA  ,2023-09-15,358.33,405,240
1486,TSLA  ,2023-09-15,360.0,3240,254
1487,TSLA  ,2023-09-15,366.67,2924,461
1488,TSLA  ,2023-09-15,375.0,3129,131
1489,TSLA  ,2023-09-15,383.33,5596,65
1490,TSLA  ,2023-09-15,391.67,1328,60
1491,TSLA  ,2023-09-15,400.0,5193,121
1492,TSLA  ,2023-09-15,408.33,1407,0
1493,TSLA  ,2023-09-15,416.67,784,0
1494,TSLA  ,2023-09-15,425.0,3178,0
1495,TSLA  ,2023-09-15,433.33,4937,8
1496,TSLA  ,2023-09-15,441.67,976,0
1497,TSLA  ,2023-09-15,450.0,2018,0
1498,TSLA  ,2023-09-15,458.33,403,0
1499,TSLA  ,2023-09-15,466.67,2698,9
1500,TSLA  ,2023-09-15,475.0,323,0
1501,TSLA  ,2023-09-15,483.33,581,0
1502,TSLA  ,2023-09-15,491.67,1111,0
1503,TSLA  ,2023-09-15,500.0,5020,0
1504,TSLA  ,2023-09-15,508.33,701,0
1505,TSLA  ,2023-09-15,516.67,1324,0
1506,TSLA  ,2023-09-15,525.0,1034,0
1507,TSLA  ,2023-09-15,533.33,1670,6
1508,TSLA  ,2023-09-15,541.67,1105,0
1509,TSLA  ,2023-09-15,550.0,11618,0
1510,TSLA  ,2023-09-15,558.33,190,0
1511,TSLA  ,2023-09-15,566.67,4036,0
1512,TSLA  ,2023-09-15,575.0,307,0
1513,TSLA  ,2023-09-15,583.33,534,0
1514,TSLA  ,2023-09-15,591.67,2100,0
1515,TSLA  ,2023-09-15,600.0,9232,0
1516,TSLA  ,2023-09-15,608.33,662,0
1517,TSLA  ,2023-09-15,616.67,1026,0
1518,TSLA  ,2023-09-15,625.0,1082,0
1519,TSLA  ,2023-09-15,633.33,599,0
1520,TSLA  ,2023-09-15,641.67,428,0
1521,TSLA  ,2023-09-15,650.0,27255,0
1522,TSLA  ,2023-09-15,658.33,1266,0
1523,TSLA  ,2023-09-15,666.67,1257,0
1524,TSLA  ,2023-09-15,675.0,563,0
1525,TSLA  ,2023-09-15,683.33,353,0
1526,TSLA  ,2023-09-15,700.0,1458,0
1527,TSLA  ,2023-09-15,716.67,1017,0
1528,TSLA  ,2023-09-15,733.33,2317,0
1529,TSLA  ,2023-09-15,750.0,8249,0
1530,TSLA  ,2023-09-15,758.33,69065,0
1531,TSLA  ,2023-12-15,50.0,1271,3183
1532,TSLA  ,2023-12-15,55.0,60,1060
1533,TSLA  ,2023-12-15,60.0,37,829
1534,TSLA  ,2023-12-15,65.0,4,249
1535,TSLA  ,2023-12-15,70.0,27,3775
1536,TSLA  ,2023-12-15,75.0,18,4014
1537,TSLA  ,2023-12-15,80.0,160,753
1538,TSLA  ,2023-12-15,85.0,2578,1747
1539,TSLA  ,2023-12-15,90.0,1638,3706
1540,TSLA  ,2023-12-15,95.0,697,333
1541,TSLA  ,2023-12-15,100.0,1682,4194
1542,TSLA  ,2023-12-15,105.0,213,528
1543,TSLA  ,2023-12-15,110.0,397,1949
1544,TSLA  ,2023-12-15,115.0,1509,1049
1545,TSLA  ,2023-12-15,120.0,641,877
1546,TSLA  ,2023-12-15,125.0,450,851
1547,TSLA  ,2023-12-15,130.0,795,5071
1548,TSLA  ,2023-12-15,135.0,769,4793
1549,TSLA  ,2023-12-15,140.0,1172,1023
1550,TSLA  ,2023-12-15,145.0,676,572
1551,TSLA  ,2023-12-15,150.0,1566,1302
1552,TSLA  ,2023-12-15,155.0,479,806
1553,TSLA  ,2023-12-15,160.0,3206,1174
1554,TSLA  ,2023-12-15,165.0,1636,348
1555,TSLA  ,2023-12-15,170.0,1363,374
1556,TSLA  ,2023-12-15,175.0,2879,235
1557,TSLA  ,2023-12-15,180.0,1870,203
1558,TSLA  ,2023-12-15,185.0,400,458
1559,TSLA  ,2023-12-15,190.0,1176,342
1560,TSLA  ,2023-12-15,195.0,561,395
1561,TSLA  ,2023-12-15,200.0,8318,1014
1562,TSLA  ,2023-12-15,205.0,5883,167
1563,TSLA  ,2023-12-15,210.0,1477,271
1564,TSLA  ,2023-12-15,215.0,480,242
1565,TSLA  ,2023-12-15,220.0,1032,282
1566,TSLA  ,2023-12-15,225.0,1007,216
1567,TSLA  ,2023-12-15,230.0,1227,591
1568,TSLA  ,2023-12-15,235.0,353,402
1569,TSLA  ,2023-12-15,240.0,1417,485
1570,TSLA  ,2023-12-15,245.0,1818,403
1571,TSLA  ,2023-12-15,250.0,5504,2281
1572,TSLA  ,2023-12-15,260.0,96,123
1573,TSLA  ,2023-12-15,270.0,18,86
1574,TSLA  ,2023-12-15,280.0,63,394
1575,TSLA  ,2023-12-15,290.0,36,340
1576,TSLA  ,2023-12-15,300.0,177,842
1577,TSLA  ,2023-12-15,310.0,76,340
1578,TSLA  ,2023-12-15,320.0,140,232
1579,TSLA  ,2024-01-19,1.67,2441,27861
1580,TSLA  ,2024-01-19,3.33,966,5822
1581,TSLA  ,2024-01-19,5.0,255,9569
1582,TSLA  ,2024-01-19,6.67,75,2452
1583,TSLA  ,2024-01-19,8.33,3902,2238
1584,TSLA  ,2024-01-19,10.0,300,3153
1585,TSLA  ,2024-01-19,11.67,253,1406
1586,TSLA  ,2024-01-19,13.33,819,507
1587,TSLA  ,2024-01-19,15.0,278,2022
1588,TSLA  ,2024-01-19,16.67,486,4002
1589,TSLA  ,2024-01-19,18.33,393,6181
1590,TSLA  ,2024-01-19,20.0,257,7507
1591,TSLA  ,2024-01-19,21.67,108,846
1592,TSLA  ,2024-01-19,23.33,382,3987
1593,TSLA  ,2024-01-19,25.0,369,2783
1594,TSLA  ,2024-01-19,26.67,938,1237
1595,TSLA  ,2024-01-19,28.33,341,879
1596,TSLA  ,2024-01-19,30.0,229,9285
1597,TSLA  ,2024-01-19,31.67,1331,1403
1598,TSLA  ,2024-01-19,33.33,4315,32715
1599,TSLA  ,2024-01-19,50.0,2154,28879
1600,TSLA  ,2024-01-19,55.0,81,601
1601,TSLA  ,2024-01-19,60.0,306,2612
1602,TSLA  ,2024-01-19,65.0,266,722
1603,TSLA  ,2024-01-19,66.67,4700,14589
1604,TSLA  ,2024-01-19,70.0,142,664
1605,TSLA  ,2024-01-19,75.0,92,3015
1606,TSLA  ,2024-01-19,80.0,439,1725
1607,TSLA  ,2024-01-19,83.33,1023,8233
1608,TSLA  ,2024-01-19,85.0,517,375
1609,TSLA  ,2024-01-19,90.0,3463,1048
1610,TSLA  ,2024-01-19,95.0,3003,887
1611,TSLA  ,2024-01-19,100.0,13965,36846
1612,TSLA  ,2024-01-19,105.0,1289,1785
1613,TSLA  ,2024-01-19,110.0,4972,7512
1614,TSLA  ,2024-01-19,115.0,4709,5592
1615,TSLA  ,2024-01-19,116.67,1891,8327
1616,TSLA  ,2024-01-19,120.0,3383,7039
1617,TSLA  ,2024-01-19,123.33,1935,2350
1618,TSLA  ,2024-01-19,125.0,2221,11944
1619,TSLA  ,2024-01-19,126.67,1630,6569
1620,TSLA  ,2024-01-19,130.0,5003,11716
1621,TSLA  ,2024-01-19,133.33,2070,11018
1622,TSLA  ,2024-01-19,135.0,1154,1239
1623,TSLA  ,2024-01-19,136.67,2408,2259
1624,TSLA  ,2024-01-19,140.0,5146,3759
1625,TSLA  ,2024-01-19,143.33,1531,2048
1626,TSLA  ,2024-01-19,145.0,589,588
1627,TSLA  ,2024-01-19,146.67,881,829
1628,TSLA  ,2024-01-19,150.0,47683,13205
1629,TSLA  ,2024-01-19,153.33,40723,792
1630,TSLA  ,2024-01-19,155.0,312,513
1631,TSLA  ,2024-01-19,156.67,1511,741
1632,TSLA  ,2024-01-19,160.0,3211,4601
1633,TSLA  ,2024-01-19,163.33,560,2327
1634,TSLA  ,2024-01-19,165.0,1422,336
1635,TSLA  ,2024-01-19,166.67,6637,6719
1636,TSLA  ,2024-01-19,170.0,4435,5722
1637,TSLA  ,2024-01-19,173.33,1487,2259
1638,TSLA  ,2024-01-19,175.0,1148,1408
1639,TSLA  ,2024-01-19,176.67,1419,1249
1640,TSLA  ,2024-01-19,180.0,57813,8520
1641,TSLA  ,2024-01-19,183.33,52678,7422
1642,TSLA  ,2024-01-19,185.0,1044,550
1643,TSLA  ,2024-01-19,186.67,1085,2200
1644,TSLA  ,2024-01-19,190.0,1494,49
1645,TSLA  ,2024-01-19,193.33,2082,9477
1646,TSLA  ,2024-01-19,195.0,162,42
1647,TSLA  ,2024-01-19,200.0,33339,23118
1648,TSLA  ,2024-01-19,203.33,6265,2218
1649,TSLA  ,2024-01-19,206.67,1419,1195
1650,TSLA  ,2024-01-19,210.0,3854,6298
1651,TSLA  ,2024-01-19,213.33,1345,2746
1652,TSLA  ,2024-01-19,216.67,7966,7366
1653,TSLA  ,2024-01-19,220.0,8210,7013
1654,TSLA  ,2024-01-19,223.33,1090,1411
1655,TSLA  ,2024-01-19,226.67,20274,3083
1656,TSLA  ,2024-01-19,230.0,13590,18672
1657,TSLA  ,2024-01-19,233.33,37152,13936
1658,TSLA  ,2024-01-19,236.67,1826,1693
1659,TSLA  ,2024-01-19,240.0,2308,4171
1660,TSLA  ,2024-01-19,243.33,1102,2083
1661,TSLA  ,2024-01-19,246.67,852,2081
1662,TSLA  ,2024-01-19,250.0,22081,5164
1663,TSLA  ,2024-01-19,253.33,2898,2122
1664,TSLA  ,2024-01-19,256.67,2848,1463
1665,TSLA  ,2024-01-19,260.0,6207,3142
1666,TSLA  ,2024-01-19,263.33,3486,2129
1667,TSLA  ,2024-01-19,266.67,7110,9197
1668,TSLA  ,2024-01-19,270.0,4342,5061
1669,TSLA  ,2024-01-19,273.33,3152,3030
1670,TSLA  ,2024-01-19,276.67,1653,1702
1671,TSLA  ,2024-01-19,280.0,7123,6477
1672,TSLA  ,2024-01-19,283.33,3107,2934
1673,TSLA  ,2024-01-19,286.67,2515,1432
1674,TSLA  ,2024-01-19,290.0,7106,494
1675,TSLA  ,2024-01-19,293.33,1692,1985
1676,TSLA  ,2024-01-19,296.67,1906,1683
1677,TSLA  ,2024-01-19,300.0,25036,6339
1678,TSLA  ,2024-01-19,303.33,3327,61
1679,TSLA  ,2024-01-19,306.67,6511,131
1680,TSLA  ,2024-01-19,310.0,3651,967
1681,TSLA  ,2024-01-19,313.33,1032,23
1682,TSLA  ,2024-01-19,316.67,4279,304
1683,TSLA  ,2024-01-19,320.0,4743,279
1684,TSLA  ,2024-01-19,323.33,462,246
1685,TSLA  ,2024-01-19,325.0,10824,2
1686,TSLA  ,2024-01-19,326.67,1248,633
1687,TSLA  ,2024-01-19,330.0,7457,2
1688,TSLA  ,2024-01-19,333.33,29485,1683
1689,TSLA  ,2024-01-19,336.67,1478,7
1690,TSLA  ,2024-01-19,340.0,3885,1
1691,TSLA  ,2024-01-19,341.67,897,7
1692,TSLA  ,2024-01-19,343.33,498,0
1693,TSLA  ,2024-01-19,346.67,2101,3
1694,TSLA  ,2024-01-19,350.0,15518,311
1695,TSLA  ,2024-01-19,353.33,1159,0
1696,TSLA  ,2024-01-19,356.67,868,0
1697,TSLA  ,2024-01-19,358.33,1325,1
1698,TSLA  ,2024-01-19,360.0,9295,600
1699,TSLA  ,2024-01-19,363.33,408,0
1700,TSLA  ,2024-01-19,366.67,38402,2782
1701,TSLA  ,2024-01-19,370.0,6798,1
1702,TSLA  ,2024-01-19,373.33,1059,0
1703,TSLA  ,2024-01-19,375.0,11447,6
1704,TSLA  ,2024-01-19,376.67,477,105
1705,TSLA  ,2024-01-19,380.0,1135,0
1706,TSLA  ,2024-01-19,383.33,3072,0
1707,TSLA  ,2024-01-19,386.67,404,202
1708,TSLA  ,2024-01-19,390.0,805,1
1709,TSLA  ,2024-01-19,391.67,2307,0
1710,TSLA  ,2024-01-19,393.33,551,4
1711,TSLA  ,2024-01-19,396.67,2633,0
1712,TSLA  ,2024-01-19,400.0,37388,792
1713,TSLA  ,2024-01-19,408.33,5164,0
1714,TSLA  ,2024-01-19,416.67,3720,1926
1715,TSLA  ,2024-01-19,425.0,3291,0
1716,TSLA  ,2024-01-19,433.33,5643,3
1717,TSLA  ,2024-01-19,441.67,1047,0
1718,TSLA  ,2024-01-19,450.0,6201,2157
1719,TSLA  ,2024-01-19,458.33,2095,0
1720,TSLA  ,2024-01-19,466.67,29630,0
1721,TSLA  ,2024-01-19,475.0,4850,0
1722,TSLA  ,2024-01-19,483.33,1692,0
1723,TSLA  ,2024-01-19,491.67,2166,0
1724,TSLA  ,2024-01-19,500.0,37857,0
1725,TSLA  ,2024-01-19,516.67,4454,0
1726,TSLA  ,2024-01-19,533.33,21018,0
1727,TSLA  ,2024-01-19,550.0,16691,9
1728,TSLA  ,2024-01-19,558.33,1255,0
1729,TSLA  ,2024-01-19,566.67,11423,0
1730,TSLA  ,2024-01-19,575.0,14257,0
1731,TSLA  ,2024-01-19,583.33,14404,0
1732,TSLA  ,2024-01-19,591.67,2291,0
1733,TSLA  ,2024-01-19,600.0,18148,0
1734,TSLA  ,2024-01-19,608.33,2266,0
1735,TSLA  ,2024-01-19,616.67,11862,0
1736,TSLA  ,2024-01-19,625.0,2406,0
1737,TSLA  ,2024-01-19,633.33,5727,0
1738,TSLA  ,2024-01-19,641.67,922,0
1739,TSLA  ,2024-01-19,650.0,3210,0
1740,TSLA  ,2024-01-19,666.67,41297,0
1741,TSLA  ,2024-01-19,675.0,4356,0
1742,TSLA  ,2024-01-19,683.33,7133,0
1743,TSLA  ,2024-01-19,691.67,1637,0
1744,TSLA  ,2024-01-19,700.0,5422,0
1745,TSLA  ,2024-01-19,708.33,764,0
1746,TSLA  ,2024-01-19,716.67,6045,0
1747,TSLA  ,2024-01-19,725.0,2730,3
1748,TSLA  ,2024-01-19,733.33,3415,0
1749,TSLA  ,2024-01-19,741.67,797,0
1750,TSLA  ,2024-01-19,750.0,2130,0
1751,TSLA  ,2024-01-19,758.33,943,0
1752,TSLA  ,2024-01-19,766.67,2126,0
1753,TSLA  ,2024-01-19,775.0,2911,0
1754,TSLA  ,2024-01-19,783.33,752,0
1755,TSLA  ,2024-01-19,791.67,3190,0
1756,TSLA  ,2024-01-19,800.0,13912,0
1757,TSLA  ,2024-01-19,808.33,3913,0
1758,TSLA  ,2024-01-19,816.67,5819,0
1759,TSLA  ,2024-01-19,825.0,76933,0
1760,TSLA  ,2024-03-15,1.67,107,1866
1761,TSLA  ,2024-03-15,3.33,22,743
1762,TSLA  ,2024-03-15,5.0,55,825
1763,TSLA  ,2024-03-15,6.67,6,92
1764,TSLA  ,2024-03-15,8.33,16,42
1765,TSLA  ,2024-03-15,10.0,6,307
1766,TSLA  ,2024-03-15,11.67,11,30
1767,TSLA  ,2024-03-15,13.33,18,32
1768,TSLA  ,2024-03-15,15.0,24,191
1769,TSLA  ,2024-03-15,16.67,111,160
1770,TSLA  ,2024-03-15,33.33,809,1470
1771,TSLA  ,2024-03-15,50.0,448,5443
1772,TSLA  ,2024-03-15,55.0,28,114
1773,TSLA  ,2024-03-15,60.0,44,692
1774,TSLA  ,2024-03-15,65.0,21,647
1775,TSLA  ,2024-03-15,66.67,2031,846
1776,TSLA  ,2024-03-15,70.0,51,193
1777,TSLA  ,2024-03-15,75.0,20,306
1778,TSLA  ,2024-03-15,80.0,191,428
1779,TSLA  ,2024-03-15,83.33,999,4499
1780,TSLA  ,2024-03-15,85.0,291,145
1781,TSLA  ,2024-03-15,90.0,741,376
1782,TSLA  ,2024-03-15,95.0,1555,388
1783,TSLA  ,2024-03-15,100.0,3323,2953
1784,TSLA  ,2024-03-15,105.0,771,703
1785,TSLA  ,2024-03-15,110.0,887,2459
1786,TSLA  ,2024-03-15,115.0,1976,105
1787,TSLA  ,2024-03-15,116.67,604,884
1788,TSLA  ,2024-03-15,120.0,305,379
1789,TSLA  ,2024-03-15,125.0,210,674
1790,TSLA  ,2024-03-15,130.0,1429,619
1791,TSLA  ,2024-03-15,133.33,455,5668
1792,TSLA  ,2024-03-15,135.0,183,151
1793,TSLA  ,2024-03-15,140.0,146,253
1794,TSLA  ,2024-03-15,141.67,335,312
1795,TSLA  ,2024-03-15,145.0,215,91
1796,TSLA  ,2024-03-15,150.0,1330,4282
1797,TSLA  ,2024-03-15,155.0,66,100
1798,TSLA  ,2024-03-15,158.33,143,499
1799,TSLA  ,2024-03-15,160.0,202,355
1800,TSLA  ,2024-03-15,165.0,210,87
1801,TSLA  ,2024-03-15,166.67,585,1162
1802,TSLA  ,2024-03-15,170.0,275,202
1803,TSLA  ,2024-03-15,175.0,743,1749
1804,TSLA  ,2024-03-15,180.0,344,335
1805,TSLA  ,2024-03-15,183.33,534,1001
1806,TSLA  ,2024-03-15,185.0,234,56
1807,TSLA  ,2024-03-15,190.0,176,27
1808,TSLA  ,2024-03-15,191.67,656,1412
1809,TSLA  ,2024-03-15,195.0,506,2
1810,TSLA  ,2024-03-15,200.0,5107,4618
1811,TSLA  ,2024-03-15,208.33,1195,746
1812,TSLA  ,2024-03-15,210.0,379,21
1813,TSLA  ,2024-03-15,216.67,1021,992
1814,TSLA  ,2024-03-15,220.0,155,0
1815,TSLA  ,2024-03-15,225.0,1306,2421
1816,TSLA  ,2024-03-15,230.0,71,6
1817,TSLA  ,2024-03-15,233.33,1529,1236
1818,TSLA  ,2024-03-15,241.67,872,954
1819,TSLA  ,2024-03-15,250.0,1708,1442
1820,TSLA  ,2024-03-15,258.33,599,1096
1821,TSLA  ,2024-03-15,266.67,1151,793
1822,TSLA  ,2024-03-15,275.0,1435,1007
1823,TSLA  ,2024-03-15,283.33,1164,706
1824,TSLA  ,2024-03-15,291.67,1255,125
1825,TSLA  ,2024-03-15,300.0,4771,78
1826,TSLA  ,2024-03-15,308.33,274,19
1827,TSLA  ,2024-03-15,316.67,965,377
1828,TSLA  ,2024-03-15,325.0,1579,7
1829,TSLA  ,2024-03-15,333.33,798,6
1830,TSLA  ,2024-03-15,341.67,220,1
1831,TSLA  ,2024-03-15,350.0,583,2
1832,TSLA  ,2024-03-15,358.33,281,26
1833,TSLA  ,2024-03-15,366.67,608,21
1834,TSLA  ,2024-03-15,375.0,604,2
1835,TSLA  ,2024-03-15,383.33,224,1337
1836,TSLA  ,2024-03-15,391.67,360,8
1837,TSLA  ,2024-03-15,400.0,1084,21
1838,TSLA  ,2024-03-15,408.33,707,2
1839,TSLA  ,2024-03-15,416.67,394,314
1840,TSLA  ,2024-03-15,425.0,916,0
1841,TSLA  ,2024-03-15,433.33,608,1
1842,TSLA  ,2024-03-15,441.67,136,0
1843,TSLA  ,2024-03-15,450.0,1170,0
1844,TSLA  ,2024-03-15,458.33,256,0
1845,TSLA  ,2024-03-15,466.67,797,0
1846,TSLA  ,2024-03-15,475.0,430,0
1847,TSLA  ,2024-03-15,483.33,502,0
1848,TSLA  ,2024-03-15,491.67,319,0
1849,TSLA  ,2024-03-15,500.0,3120,0
1850,TSLA  ,2024-03-15,508.33,163,0
1851,TSLA  ,2024-03-15,516.67,686,0
1852,TSLA  ,2024-03-15,525.0,86,0
1853,TSLA  ,2024-03-15,533.33,155,0
1854,TSLA  ,2024-03-15,541.67,171,0
1855,TSLA  ,2024-03-15,550.0,408,0
1856,TSLA  ,2024-03-15,558.33,263,0
1857,TSLA  ,2024-03-15,566.67,452,0
1858,TSLA  ,2024-03-15,575.0,665,0
1859,TSLA  ,2024-03-15,583.33,465,0
1860,TSLA  ,2024-03-15,600.0,3396,1
1861,TSLA  ,2024-06-21,1.67,628,16247
1862,TSLA  ,2024-06-21,3.33,149,3247
1863,TSLA  ,2024-06-21,5.0,19,1381
1864,TSLA  ,2024-06-21,6.67,219,1238
1865,TSLA  ,2024-06-21,8.33,121,369
1866,TSLA  ,2024-06-21,10.0,275,1740
1867,TSLA  ,2024-06-21,11.67,543,194
1868,TSLA  ,2024-06-21,13.33,36,130
1869,TSLA  ,2024-06-21,16.67,1404,3533
1870,TSLA  ,2024-06-21,33.33,7803,5327
1871,TSLA  ,2024-06-21,50.0,1917,3626
1872,TSLA  ,2024-06-21,55.0,6,355
1873,TSLA  ,2024-06-21,60.0,54,497
1874,TSLA  ,2024-06-21,65.0,111,2108
1875,TSLA  ,2024-06-21,66.67,1877,4260
1876,TSLA  ,2024-06-21,70.0,45,215
1877,TSLA  ,2024-06-21,75.0,70,120
1878,TSLA  ,2024-06-21,80.0,108,838
1879,TSLA  ,2024-06-21,83.33,30603,4191
1880,TSLA  ,2024-06-21,85.0,60,683
1881,TSLA  ,2024-06-21,90.0,536,1100
1882,TSLA  ,2024-06-21,95.0,343,58
1883,TSLA  ,2024-06-21,100.0,5299,9337
1884,TSLA  ,2024-06-21,105.0,475,1356
1885,TSLA  ,2024-06-21,110.0,415,2247
1886,TSLA  ,2024-06-21,115.0,406,180
1887,TSLA  ,2024-06-21,116.67,2536,995
1888,TSLA  ,2024-06-21,120.0,527,228
1889,TSLA  ,2024-06-21,123.33,643,3500
1890,TSLA  ,2024-06-21,125.0,65,2407
1891,TSLA  ,2024-06-21,126.67,234,1301
1892,TSLA  ,2024-06-21,130.0,5668,1537
1893,TSLA  ,2024-06-21,133.33,6462,2937
1894,TSLA  ,2024-06-21,135.0,77,354
1895,TSLA  ,2024-06-21,136.67,443,1890
1896,TSLA  ,2024-06-21,140.0,1480,2454
1897,TSLA  ,2024-06-21,143.33,1309,1750
1898,TSLA  ,2024-06-21,145.0,137,226
1899,TSLA  ,2024-06-21,146.67,668,520
1900,TSLA  ,2024-06-21,150.0,4298,9750
1901,TSLA  ,2024-06-21,153.33,277,861
1902,TSLA  ,2024-06-21,155.0,106,432
1903,TSLA  ,2024-06-21,156.67,399,220
1904,TSLA  ,2024-06-21,160.0,964,2658
1905,TSLA  ,2024-06-21,163.33,182,1402
1906,TSLA  ,2024-06-21,165.0,298,72
1907,TSLA  ,2024-06-21,166.67,1549,5472
1908,TSLA  ,2024-06-21,170.0,255,247
1909,TSLA  ,2024-06-21,173.33,552,5882
1910,TSLA  ,2024-06-21,175.0,1058,373
1911,TSLA  ,2024-06-21,180.0,21164,6030
1912,TSLA  ,2024-06-21,183.33,20716,3660
1913,TSLA  ,2024-06-21,185.0,285,177
1914,TSLA  ,2024-06-21,186.67,1235,1936
1915,TSLA  ,2024-06-21,190.0,303,43
1916,TSLA  ,2024-06-21,193.33,932,4228
1917,TSLA  ,2024-06-21,195.0,214,29
1918,TSLA  ,2024-06-21,200.0,4340,9597
1919,TSLA  ,2024-06-21,206.67,517,2848
1920,TSLA  ,2024-06-21,210.0,256,34
1921,TSLA  ,2024-06-21,213.33,570,1528
1922,TSLA  ,2024-06-21,216.67,1189,5254
1923,TSLA  ,2024-06-21,220.0,1432,2439
1924,TSLA  ,2024-06-21,226.67,1591,3380
1925,TSLA  ,2024-06-21,230.0,104,0
1926,TSLA  ,2024-06-21,233.33,6897,6851
1927,TSLA  ,2024-06-21,240.0,1261,4641
1928,TSLA  ,2024-06-21,246.67,1741,1186
1929,TSLA  ,2024-06-21,250.0,5397,3047
1930,TSLA  ,2024-06-21,253.33,1238,820
1931,TSLA  ,2024-06-21,260.0,1889,968
1932,TSLA  ,2024-06-21,266.67,9997,3315
1933,TSLA  ,2024-06-21,270.0,1457,1772
1934,TSLA  ,2024-06-21,273.33,1213,691
1935,TSLA  ,2024-06-21,276.67,972,720
1936,TSLA  ,2024-06-21,280.0,1068,1524
1937,TSLA  ,2024-06-21,283.33,3199,1220
1938,TSLA  ,2024-06-21,286.67,878,686
1939,TSLA  ,2024-06-21,290.0,1185,1026
1940,TSLA  ,2024-06-21,293.33,922,958
1941,TSLA  ,2024-06-21,296.67,790,297
1942,TSLA  ,2024-06-21,300.0,9411,983
1943,TSLA  ,2024-06-21,303.33,1290,645
1944,TSLA  ,2024-06-21,306.67,1461,241
1945,TSLA  ,2024-06-21,310.0,1671,549
1946,TSLA  ,2024-06-21,313.33,815,719
1947,TSLA  ,2024-06-21,316.67,2284,9
1948,TSLA  ,2024-06-21,320.0,708,683
1949,TSLA  ,2024-06-21,323.33,382,307
1950,TSLA  ,2024-06-21,326.67,577,270
1951,TSLA  ,2024-06-21,330.0,3309,123
1952,TSLA  ,2024-06-21,333.33,7764,1092
1953,TSLA  ,2024-06-21,336.67,2277,238
1954,TSLA  ,2024-06-21,340.0,763,27
1955,TSLA  ,2024-06-21,343.33,1150,89
1956,TSLA  ,2024-06-21,346.67,380,41
1957,TSLA  ,2024-06-21,350.0,3421,5
1958,TSLA  ,2024-06-21,353.33,203,69
1959,TSLA  ,2024-06-21,356.67,496,0
1960,TSLA  ,2024-06-21,360.0,2387,0
1961,TSLA  ,2024-06-21,363.33,377,0
1962,TSLA  ,2024-06-21,366.67,4303,0
1963,TSLA  ,2024-06-21,370.0,3044,9
1964,TSLA  ,2024-06-21,373.33,544,0
1965,TSLA  ,2024-06-21,376.67,797,0
1966,TSLA  ,2024-06-21,380.0,685,0
1967,TSLA  ,2024-06-21,383.33,1052,0
1968,TSLA  ,2024-06-21,386.67,306,4
1969,TSLA  ,2024-06-21,390.0,400,0
1970,TSLA  ,2024-06-21,393.33,888,0
1971,TSLA  ,2024-06-21,396.67,624,0
1972,TSLA  ,2024-06-21,400.0,39205,923
1973,TSLA  ,2024-06-21,416.67,3259,0
1974,TSLA  ,2024-06-21,433.33,3298,0
1975,TSLA  ,2024-06-21,450.0,3219,0
1976,TSLA  ,2024-06-21,466.67,5338,0
1977,TSLA  ,2024-06-21,483.33,1389,0
1978,TSLA  ,2024-06-21,500.0,12179,0
1979,TSLA  ,2024-06-21,516.67,2381,0
1980,TSLA  ,2024-06-21,533.33,3449,0
1981,TSLA  ,2024-06-21,550.0,2593,0
1982,TSLA  ,2024-06-21,566.67,1020,0
1983,TSLA  ,2024-06-21,583.33,962,0
1984,TSLA  ,2024-06-21,600.0,17091,0
1985,TSLA  ,2024-06-21,616.67,14091,0
1986,TSLA  ,2024-06-21,633.33,4576,0
1987,TSLA  ,2024-06-21,650.0,537,0
1988,TSLA  ,2024-06-21,666.67,6804,0
1989,TSLA  ,2024-06-21,683.33,1703,0
1990,TSLA  ,2024-06-21,700.0,3623,0
1991,TSLA  ,2024-06-21,716.67,888,0
1992,TSLA  ,2024-06-21,733.33,2371,0
1993,TSLA  ,2024-06-21,750.0,6431,1
1994,TSLA  ,2024-06-21,758.33,15626,0
1995,TSLA  ,2024-09-20,50.0,53,983
1996,TSLA  ,2024-09-20,55.0,27,51
1997,TSLA  ,2024-09-20,60.0,10,130
1998,TSLA  ,2024-09-20,65.0,29,107
1999,TSLA  ,2024-09-20,70.0,12,147
2000,TSLA  ,2024-09-20,75.0,10,2325
2001,TSLA  ,2024-09-20,80.0,53,152
2002,TSLA  ,2024-09-20,85.0,983,468
2003,TSLA  ,2024-09-20,90.0,41,258
2004,TSLA  ,2024-09-20,95.0,22,298
2005,TSLA  ,2024-09-20,100.0,376,2477
2006,TSLA  ,2024-09-20,105.0,193,540
2007,TSLA  ,2024-09-20,110.0,183,446
2008,TSLA  ,2024-09-20,115.0,555,121
2009,TSLA  ,2024-09-20,120.0,721,342
2010,TSLA  ,2024-09-20,125.0,336,951
2011,TSLA  ,2024-09-20,130.0,609,262
2012,TSLA  ,2024-09-20,135.0,596,186
2013,TSLA  ,2024-09-20,140.0,1037,225
2014,TSLA  ,2024-09-20,145.0,1274,85
2015,TSLA  ,2024-09-20,150.0,1212,2391
2016,TSLA  ,2024-09-20,155.0,536,152
2017,TSLA  ,2024-09-20,160.0,200,599
2018,TSLA  ,2024-09-20,165.0,239,46
2019,TSLA  ,2024-09-20,170.0,220,211
2020,TSLA  ,2024-09-20,175.0,86,115
2021,TSLA  ,2024-09-20,180.0,460,35
2022,TSLA  ,2024-09-20,185.0,637,971
2023,TSLA  ,2024-09-20,190.0,1459,67
2024,TSLA  ,2024-09-20,195.0,1179,102
2025,TSLA  ,2024-09-20,200.0,1724,1421
2026,TSLA  ,2024-09-20,210.0,693,190
2027,TSLA  ,2024-09-20,220.0,1338,324
2028,TSLA  ,2024-09-20,230.0,320,117
2029,TSLA  ,2024-09-20,240.0,204,304
2030,TSLA  ,2024-09-20,250.0,481,168
2031,TSLA  ,2024-09-20,260.0,351,104
2032,TSLA  ,2024-09-20,270.0,265,110
2033,TSLA  ,2024-09-20,280.0,231,220
2034,TSLA  ,2024-09-20,290.0,164,397
2035,TSLA  ,2024-09-20,300.0,1100,510
2036,TSLA  ,2024-09-20,310.0,118,7
2037,TSLA  ,2024-09-20,320.0,120,4
2038,TSLA  ,2024-09-20,330.0,94,9
2039,TSLA  ,2024-09-20,340.0,648,2
2040,TSLA  ,2024-09-20,350.0,1233,2
2041,TSLA  ,2025-01-17,5.0,677,8498
2042,TSLA  ,2025-01-17,10.0,133,628
2043,TSLA  ,2025-01-17,15.0,28,1098
2044,TSLA  ,2025-01-17,20.0,386,5804
2045,TSLA  ,2025-01-17,25.0,103,2426
2046,TSLA  ,2025-01-17,30.0,13796,16521
2047,TSLA  ,2025-01-17,35.0,261,1071
2048,TSLA  ,2025-01-17,40.0,14406,15676
2049,TSLA  ,2025-01-17,45.0,2140,2575
2050,TSLA  ,2025-01-17,50.0,1933,8224
2051,TSLA  ,2025-01-17,55.0,987,3209
2052,TSLA  ,2025-01-17,60.0,544,2057
2053,TSLA  ,2025-01-17,65.0,779,745
2054,TSLA  ,2025-01-17,70.0,1866,1393
2055,TSLA  ,2025-01-17,75.0,188,4394
2056,TSLA  ,2025-01-17,80.0,1322,1906
2057,TSLA  ,2025-01-17,85.0,1829,1507
2058,TSLA  ,2025-01-17,90.0,1070,5615
2059,TSLA  ,2025-01-17,95.0,123,406
2060,TSLA  ,2025-01-17,100.0,5651,16387
2061,TSLA  ,2025-01-17,105.0,204,1597
2062,TSLA  ,2025-01-17,110.0,4915,6950
2063,TSLA  ,2025-01-17,115.0,3178,3581
2064,TSLA  ,2025-01-17,120.0,8809,5964
2065,TSLA  ,2025-01-17,125.0,1998,930
2066,TSLA  ,2025-01-17,130.0,5832,7051
2067,TSLA  ,2025-01-17,135.0,5704,915
2068,TSLA  ,2025-01-17,140.0,8410,4965
2069,TSLA  ,2025-01-17,145.0,1126,313
2070,TSLA  ,2025-01-17,150.0,12051,10561
2071,TSLA  ,2025-01-17,155.0,252,214
2072,TSLA  ,2025-01-17,160.0,6123,5576
2073,TSLA  ,2025-01-17,165.0,247,546
2074,TSLA  ,2025-01-17,170.0,33942,9329
2075,TSLA  ,2025-01-17,175.0,33587,4380
2076,TSLA  ,2025-01-17,180.0,12523,8388
2077,TSLA  ,2025-01-17,185.0,11320,4496
2078,TSLA  ,2025-01-17,190.0,5647,4651
2079,TSLA  ,2025-01-17,195.0,3034,1719
2080,TSLA  ,2025-01-17,200.0,27773,11269
2081,TSLA  ,2025-01-17,210.0,4381,2681
2082,TSLA  ,2025-01-17,220.0,3078,4201
2083,TSLA  ,2025-01-17,230.0,3937,3281
2084,TSLA  ,2025-01-17,240.0,3860,4112
2085,TSLA  ,2025-01-17,250.0,12464,4777
2086,TSLA  ,2025-01-17,260.0,5574,1733
2087,TSLA  ,2025-01-17,270.0,2803,1229
2088,TSLA  ,2025-01-17,280.0,2352,2903
2089,TSLA  ,2025-01-17,290.0,3573,841
2090,TSLA  ,2025-01-17,300.0,32028,2094
2091,TSLA  ,2025-01-17,310.0,4393,344
2092,TSLA  ,2025-01-17,320.0,1428,763
2093,TSLA  ,2025-01-17,330.0,2357,754
2094,TSLA  ,2025-01-17,340.0,1089,219
2095,TSLA  ,2025-01-17,350.0,7555,508
2096,TSLA  ,2025-01-17,360.0,2075,144
2097,TSLA  ,2025-01-17,370.0,1841,200
2098,TSLA  ,2025-01-17,380.0,1386,19
2099,TSLA  ,2025-01-17,390.0,1820,10
2100,TSLA  ,2025-01-17,400.0,18382,14
2101,TSLA  ,2025-01-17,410.0,4167,1
2102,TSLA  ,2025-01-17,420.0,2913,1
2103,TSLA  ,2025-01-17,430.0,556,1
2104,TSLA  ,2025-01-17,440.0,613,1
2105,TSLA  ,2025-01-17,450.0,3328,1
2106,TSLA  ,2025-01-17,460.0,894,1
2107,TSLA  ,2025-01-17,470.0,1015,0
2108,TSLA  ,2025-01-17,480.0,1261,0
2109,TSLA  ,2025-01-17,490.0,708,0
2110,TSLA  ,2025-01-17,500.0,10800,0
2111,TSLA  ,2025-01-17,510.0,1114,0
2112,TSLA  ,2025-01-17,520.0,8339,0
2113,TSLA  ,2025-01-17,530.0,639,0
2114,TSLA  ,2025-01-17,540.0,541,0
2115,TSLA  ,2025-01-17,550.0,2596,0
2116,TSLA  ,2025-01-17,560.0,572,0
2117,TSLA  ,2025-01-17,570.0,659,0
2118,TSLA  ,2025-01-17,580.0,837,0
2119,TSLA  ,2025-01-17,590.0,791,0
2120,TSLA  ,2025-01-17,600.0,15214,0
2121,TSLA  ,2025-01-17,610.0,16918,0
2122,TSLA  ,2025-06-20,5.0,185,620
2123,TSLA  ,2025-06-20,10.0,2,63
2124,TSLA  ,2025-06-20,15.0,7,1684
2125,TSLA  ,2025-06-20,20.0,43,276
2126,TSLA  ,2025-06-20,25.0,5,57
2127,TSLA  ,2025-06-20,30.0,84,25
2128,TSLA  ,2025-06-20,35.0,10,92
2129,TSLA  ,2025-06-20,40.0,5,263
2130,TSLA  ,2025-06-20,45.0,14,33
2131,TSLA  ,2025-06-20,50.0,117,157
2132,TSLA  ,2025-06-20,55.0,9,45
2133,TSLA  ,2025-06-20,60.0,13,222
2134,TSLA  ,2025-06-20,65.0,21,302
2135,TSLA  ,2025-06-20,70.0,39,86
2136,TSLA  ,2025-06-20,75.0,22,1244
2137,TSLA  ,2025-06-20,80.0,850,367
2138,TSLA  ,2025-06-20,85.0,174,84
2139,TSLA  ,2025-06-20,90.0,10358,321
2140,TSLA  ,2025-06-20,95.0,46400,551
2141,TSLA  ,2025-06-20,100.0,790,2033
2142,TSLA  ,2025-06-20,105.0,146,299
2143,TSLA  ,2025-06-20,110.0,171,2445
2144,TSLA  ,2025-06-20,115.0,406,79
2145,TSLA  ,2025-06-20,120.0,432,1476
2146,TSLA  ,2025-06-20,125.0,433,296
2147,TSLA  ,2025-06-20,130.0,2318,1925
2148,TSLA  ,2025-06-20,135.0,4620,145
2149,TSLA  ,2025-06-20,140.0,1079,1924
2150,TSLA  ,2025-06-20,145.0,344,219
2151,TSLA  ,2025-06-20,150.0,1093,650
2152,TSLA  ,2025-06-20,155.0,406,128
2153,TSLA  ,2025-06-20,160.0,1720,579
2154,TSLA  ,2025-06-20,165.0,793,353
2155,TSLA  ,2025-06-20,170.0,373,1400
2156,TSLA  ,2025-06-20,175.0,418,78
2157,TSLA  ,2025-06-20,180.0,535,942
2158,TSLA  ,2025-06-20,185.0,60,84
2159,TSLA  ,2025-06-20,190.0,211,192
2160,TSLA  ,2025-06-20,195.0,103,215
2161,TSLA  ,2025-06-20,200.0,2747,369
2162,TSLA  ,2025-06-20,205.0,110,46
2163,TSLA  ,2025-06-20,210.0,100,52
2164,TSLA  ,2025-06-20,215.0,60,6
2165,TSLA  ,2025-06-20,220.0,435,45
2166,TSLA  ,2025-06-20,225.0,160,20
2167,TSLA  ,2025-06-20,230.0,151,44
2168,TSLA  ,2025-06-20,235.0,183,56
2169,TSLA  ,2025-06-20,240.0,3296,98
2170,TSLA  ,2025-06-20,250.0,319,8
2171,TSLA  ,2025-06-20,260.0,12,23
2172,TSLA  ,2025-06-20,270.0,197,93
2173,TSLA  ,2025-06-20,280.0,65,135
2174,TSLA  ,2025-06-20,290.0,58,6
2175,TSLA  ,2025-06-20,300.0,142,21
2176,TSLA  ,2025-06-20,310.0,29,26
2177,TSLA  ,2025-06-20,320.0,575,30
